cust,monthly_bill,cycle,qty,size,commodity,pickups,bin_amount,tax_body,biz_type
98,888.98,CA,1,4,Garbage,1,813.98,C,MINI MART
98,888.98,CA,1,4,Recycle,2,75,C,MINI MART
98,888.98,CA,1,4,Recycle,2,75,C,MINI MART
218,965.4,CA,1,4,Recycle,1,75,COUNTY,WINERY
218,965.4,CA,1,4,Garbage,1,890.4,COUNTY,WINERY
218,965.4,CA,1,0.48,Recycle,1,0,COUNTY,WINERY
218,965.4,CA,1,0.48,Recycle,1,0,COUNTY,WINERY
218,965.4,CA,1,0.48,Compost,1,0,COUNTY,WINERY
218,965.4,CA,1,0.48,Recycle,1,0,COUNTY,WINERY
345,890.4,CA,1,4,Garbage,1,890.4,COUNTY,WINERY
567,97.87,CA,1,0.48,Garbage,1,97.87,S,MEDICAL
567,97.87,CA,1,0.48,Recycle,1,0,S,MEDICAL
717,65.25,CA,1,0.32,Garbage,1,65.25,S,GROCERY
717,65.25,CA,1,0.48,Recycle,1,0,S,GROCERY
767,89.71,CA,1,0.32,Garbage,1,89.71,COUNTY,WINERY
767,89.71,CA,1,0.48,Recycle,1,0,COUNTY,WINERY
767,89.71,CA,1,0.48,Compost,1,0,COUNTY,WINERY
800,706.5,CA,3,0.48,Garbage,1,134.57,COUNTY,WINERY
800,706.5,CA,3,0.48,Recycle,1,0,COUNTY,WINERY
800,706.5,CA,3,0.48,Recycle,1,100.93,COUNTY,WINERY
806,597.92,CA,1,2,Garbage,1,597.92,COUNTY,WINERY
806,597.92,CA,1,0.48,Recycle,1,0,COUNTY,WINERY
806,597.92,CA,1,0.48,Recycle,1,0,COUNTY,WINERY
806,597.92,CA,1,0.48,Recycle,1,0,COUNTY,WINERY
939,195.74,CA,2,0.48,Garbage,1,97.87,S,OFFICE BLD
939,195.74,CA,1,0.48,Compost,1,0,S,OFFICE BLD
939,195.74,CA,1,0.48,Recycle,1,0,S,OFFICE BLD
939,195.74,CA,1,0.48,Compost,1,0,S,OFFICE BLD
939,195.74,CA,1,0.48,Compost,1,0,S,OFFICE BLD
948,842.69,CA,1,4,Garbage,1,842.69,C,RESTAURANT
1084,1835.23,CA,1,4,Garbage,2,1760.23,COUNTY,WINERY
1084,1835.23,CA,1,4,Garbage,2,1760.23,COUNTY,WINERY
1084,1835.23,CA,1,4,Recycle,1,75,COUNTY,WINERY
1084,1835.23,CA,1,0.48,Recycle,1,0,COUNTY,WINERY
1084,1835.23,CA,1,0.48,Recycle,1,0,COUNTY,WINERY
1084,1835.23,CA,1,0.48,Compost,1,0,COUNTY,WINERY
1084,1835.23,CA,1,0.48,Recycle,1,0,COUNTY,WINERY
1092,1373.25,CA,1,6,Garbage,1,1298.25,COUNTY,WINERY
1092,1373.25,CA,1,4,Recycle,1,75,COUNTY,WINERY
1092,1373.25,CA,1,0.48,Recycle,1,0,COUNTY,WINERY
1092,1373.25,CA,1,0.48,Recycle,1,0,COUNTY,WINERY
1092,1373.25,CA,1,0.48,Recycle,1,0,COUNTY,WINERY
1575,760.91,CA,1,2,Garbage,1,760.91,COUNTY,WINERY
1742,44.86,CA,1,0.16,Garbage,1,44.86,COUNTY,PRESCHOOL
1742,44.86,CA,1,0.48,Recycle,1,0,COUNTY,PRESCHOOL
1742,44.86,CA,1,0.48,Compost,1,0,COUNTY,PRESCHOOL
1767,363.91,CA,1,2,Garbage,1,363.91,S,FLORIST
1767,363.91,CA,3,0.48,Recycle,1,0,S,FLORIST
1767,363.91,CA,2,0.48,Compost,1,0,S,FLORIST
1824,684.42,CA,1,0.48,Recycle,1,100.93,COUNTY,WINERY
1824,684.42,CA,1,0.48,Recycle,1,100.93,COUNTY,WINERY
2064,1693.5,CA,1,4,Compost,1,605.47,COUNTY,WINERY
2064,1693.5,CA,1,4,Compost,1,605.47,COUNTY,WINERY
2064,1693.5,CA,1,0.48,Compost,1,0,COUNTY,WINERY
2064,1693.5,CA,1,2,Garbage,1,482.56,COUNTY,WINERY
2064,1693.5,CA,1,0.48,Recycle,1,0,COUNTY,WINERY
2064,1693.5,CA,1,0.48,Recycle,1,0,COUNTY,WINERY
2226,0,CA,1,3.5,Garbage,1,0,COUNTY,VINEYARD
2226,0,CA,1,0.48,Recycle,1,0,COUNTY,VINEYARD
2226,0,CA,1,0.48,Recycle,1,0,COUNTY,VINEYARD
2226,0,CA,1,0.48,Recycle,1,0,COUNTY,VINEYARD
2253,97.87,CA,1,0.48,Compost,1,0,S,CHURCH
2253,97.87,CA,1,0.48,Garbage,1,97.87,S,CHURCH
2253,97.87,CA,1,0.48,Recycle,1,0,S,CHURCH
2339,1522.96,CA,1,4,Garbage,1,890.4,COUNTY,VINEYARD
2339,1522.96,CA,5,0.48,Recycle,1,0,COUNTY,VINEYARD
2339,1522.96,CA,1,2,Garbage,1,482.56,COUNTY,VINEYARD
2339,1522.96,CA,1,4,Recycle,1,75,COUNTY,VINEYARD
2339,1522.96,CA,1,6,Recycle,1,75,COUNTY,VINEYARD
2342,487.05,CA,3,0.48,Garbage,1,162.35,COUNTY,WINERY
2342,487.05,CA,3,0.48,Recycle,1,0,COUNTY,WINERY
2372,199.35,CA,1,0.16,Garbage,1,49.21,COUNTY,WINERY
2372,199.35,CA,2,0.48,Recycle,1,0,COUNTY,WINERY
2372,199.35,CA,1,0.16,Garbage,1,49.21,COUNTY,WINERY
2372,199.35,CA,1,0.48,Recycle,1,100.93,COUNTY,WINERY
2642,0,CA,1,2,"",1,0,COUNTY,PARK
2678,293.61,CA,1,0.48,Garbage,1,97.87,S,HOME IMPRO
2678,293.61,CA,1,0.48,Recycle,1,0,S,HOME IMPRO
2678,293.61,CA,1,0.48,Garbage,1,97.87,S,HOME IMPRO
2678,293.61,CA,1,0.48,Garbage,1,97.87,S,HOME IMPRO
2678,293.61,CA,1,0.48,Recycle,1,0,S,HOME IMPRO
2678,293.61,CA,1,0.48,Recycle,1,0,S,HOME IMPRO
2754,1227.47,CA,1,6,Garbage,1,1158.56,C,MULTIFAMIL
2754,1227.47,CA,1,0.48,Recycle,1,0,C,MULTIFAMIL
2754,1227.47,CA,2,0.48,Recycle,1,0,C,MULTIFAMIL
2754,1227.47,CA,1,0.48,Compost,1,0,C,MULTIFAMIL
2754,1227.47,CA,1,0.48,Compost,1,68.91,C,MULTIFAMIL
2810,67.49,CA,1,0.32,Garbage,1,67.49,Y,PRESCHOOL
2810,67.49,CA,1,0.48,Recycle,1,0,Y,PRESCHOOL
2810,67.49,CA,1,0.48,Compost,1,0,Y,PRESCHOOL
3159,89.71,CA,1,0.32,Garbage,1,89.71,COUNTY,WINERY
3159,89.71,CA,1,0.48,Recycle,1,0,COUNTY,WINERY
3630,134.57,CA,1,0.48,Garbage,1,134.57,COUNTY,VINEYARD
3630,134.57,CA,1,0.48,Recycle,1,0,COUNTY,VINEYARD
3723,195.74,CA,2,0.48,Garbage,1,97.87,S,MEDICAL
3723,195.74,CA,2,0.48,Recycle,1,0,S,MEDICAL
3723,195.74,CA,2,0.48,Compost,1,0,S,MEDICAL
3842,632.56,CA,1,2,Garbage,1,482.56,COUNTY,WINERY
3842,632.56,CA,1,0.48,Recycle,1,0,COUNTY,WINERY
3842,632.56,CA,1,0.48,Compost,1,0,COUNTY,WINERY
3842,632.56,CA,1,0.32,Compost,1,0,COUNTY,WINERY
3842,632.56,CA,1,4,Recycle,1,75,COUNTY,WINERY
3842,632.56,CA,1,6,Recycle,1,75,COUNTY,WINERY
3844,1005.67,CA,1,4,Garbage,1,1005.67,COUNTY,MIXED USE
3844,1005.67,CA,9,CO,"",1,0,COUNTY,MIXED USE
3844,1005.67,CA,1,0.48,Recycle,1,0,COUNTY,MIXED USE
3844,1005.67,CA,1,0.48,Recycle,1,0,COUNTY,MIXED USE
3844,1005.67,CA,1,0.48,Recycle,1,0,COUNTY,MIXED USE
3844,1005.67,CA,2,0.32,Compost,1,0,COUNTY,MIXED USE
4126,597.92,CA,1,2,Garbage,1,597.92,COUNTY,WINERY
4126,597.92,CA,3,0.48,Recycle,1,0,COUNTY,WINERY
4126,597.92,CA,1,0.48,Compost,1,0,COUNTY,WINERY
4196,2798.11,CA,1,6,Garbage,1,1644.35,COUNTY,WINERY
4196,2798.11,CA,1,4,Recycle,1,840.85,COUNTY,WINERY
4196,2798.11,CA,1,0.48,Garbage,1,134.57,COUNTY,WINERY
4196,2798.11,CA,1,0.32,Compost,1,28.34,COUNTY,WINERY
4196,2798.11,CA,1,4,Recycle,1,75,COUNTY,WINERY
4196,2798.11,CA,1,6,Recycle,1,75,COUNTY,WINERY
4226,632.56,CA,1,2,Garbage,1,482.56,COUNTY,WINERY
4226,632.56,CA,2,0.48,Recycle,1,0,COUNTY,WINERY
4226,632.56,CA,1,0.48,Compost,1,0,COUNTY,WINERY
4226,632.56,CA,1,4,Recycle,1,75,COUNTY,WINERY
4226,632.56,CA,1,6,Recycle,1,75,COUNTY,WINERY
4260,1150.37,CA,1,2,Garbage,1,482.56,COUNTY,WINERY
4260,1150.37,CA,1,4,Recycle,1,667.81,COUNTY,WINERY
4308,2358.3,CA,1,6,Garbage,1,2133.3,COUNTY,WINERY
4308,2358.3,CA,2,0.48,Recycle,1,0,COUNTY,WINERY
4308,2358.3,CA,1,0.48,Recycle,1,0,COUNTY,WINERY
4308,2358.3,CA,1,0.48,Recycle,1,0,COUNTY,WINERY
4308,2358.3,CA,1,4,Recycle,1,75,COUNTY,WINERY
4308,2358.3,CA,1,6,Recycle,2,75,COUNTY,WINERY
4308,2358.3,CA,1,6,Recycle,2,75,COUNTY,WINERY
4420,103.93,CA,1,0.48,Garbage,1,103.93,C,LODGING-FW
4420,103.93,CA,1,0.48,Recycle,1,0,C,LODGING-FW
4420,103.93,CA,1,0.48,Recycle,1,0,C,LODGING-FW
4445,134.57,CA,1,0.48,Recycle,1,0,COUNTY,WINERY
4445,134.57,CA,1,0.48,Compost,1,0,COUNTY,WINERY
4445,134.57,CA,1,0.48,Garbage,1,134.57,COUNTY,WINERY
4449,945.34,CA,1,2,Garbage,1,540.19,COUNTY,WINERY
4449,945.34,CA,1,2,Recycle,1,405.15,COUNTY,WINERY
4454,135.12,CA,2,0.32,"",1,67.56,C,SCHOOL
4454,135.12,CA,1,0.48,Compost,1,0,C,SCHOOL
4454,135.12,CA,1,0.48,Recycle,1,0,C,SCHOOL
4477,134.57,CA,1,0.48,Recycle,1,0,COUNTY,WINERY
4477,134.57,CA,1,0.48,Garbage,1,134.57,COUNTY,WINERY
4477,134.57,CA,1,0.48,Compost,1,0,COUNTY,WINERY
4520,101.24,CA,1,0.48,Garbage,1,101.24,Y,MULTIFAMIL
4520,101.24,CA,1,0.48,Recycle,1,0,Y,MULTIFAMIL
4520,101.24,CA,1,0.48,Compost,1,0,Y,MULTIFAMIL
4631,370.07,CA,2,0.48,Garbage,1,134.57,COUNTY,WINERY
4631,370.07,CA,1,0.48,Recycle,1,0,COUNTY,WINERY
4631,370.07,CA,1,0.48,Compost,1,0,COUNTY,WINERY
4631,370.07,CA,1,0.48,Recycle,1,0,COUNTY,WINERY
4631,370.07,CA,1,0.48,Recycle,1,100.93,COUNTY,WINERY
4686,439.46,CA,1,2,Garbage,1,439.46,C,STRIP MALL
4686,439.46,CA,1,0.48,Compost,1,0,C,STRIP MALL
4686,439.46,CA,3,0.48,Recycle,1,0,C,STRIP MALL
4780,134.57,CA,1,0.48,Garbage,1,134.57,COUNTY,WINERY
4780,134.57,CA,1,0.48,Recycle,1,0,COUNTY,WINERY
4781,89.71,CA,1,0.32,Garbage,1,89.71,COUNTY,WINERY
4781,89.71,CA,1,0.48,Recycle,1,0,COUNTY,WINERY
4781,89.71,CA,1,0.48,Compost,1,0,COUNTY,WINERY
4831,69.28,CA,2,0.16,Garbage,1,34.64,C,FOURPLEX
4831,69.28,CA,2,0.48,Recycle,1,0,C,FOURPLEX
4831,69.28,CA,2,0.48,Compost,1,0,C,FOURPLEX
4845,1373.25,CA,1,6,Garbage,1,1298.25,COUNTY,UTILITY
4845,1373.25,CA,1,6,Recycle,3,75,COUNTY,UTILITY
4845,1373.25,CA,1,6,Recycle,3,75,COUNTY,UTILITY
4845,1373.25,CA,1,6,Recycle,3,75,COUNTY,UTILITY
4859,171.28,CA,1,0.48,Garbage,1,97.87,S,OFFICE BLD
4859,171.28,CA,1,0.48,Recycle,1,0,S,OFFICE BLD
4859,171.28,CA,1,0.48,Recycle,1,73.41,S,OFFICE BLD
4963,97.87,CA,1,0.48,Garbage,1,97.87,S,OFFICE BLD
4963,97.87,CA,1,0.48,Recycle,1,0,S,OFFICE BLD
5017,195.74,CA,2,0.48,Garbage,1,97.87,S,RESTAURANT
5017,195.74,CA,1,0.48,Recycle,1,0,S,RESTAURANT
5026,0,CA,1,0.48,Recycle,1,0,COUNTY,WINERY
5026,0,CA,1,3.5,Garbage,1,0,COUNTY,WINERY
5055,527.42,CA,1,0.16,Garbage,1,44.86,COUNTY,WINERY
5055,527.42,CA,3,0.48,Recycle,1,0,COUNTY,WINERY
5055,527.42,CA,1,2,Garbage,1,482.56,COUNTY,WINERY
5212,134.57,CA,1,0.48,Garbage,1,134.57,COUNTY,LANDSCAPER
5212,134.57,CA,1,0.48,Recycle,1,0,COUNTY,LANDSCAPER
5311,358.85,CA,1,0.48,Garbage,1,134.57,COUNTY,WINERY
5311,358.85,CA,3,0.48,Recycle,1,0,COUNTY,WINERY
5311,358.85,CA,1,0.48,Garbage,1,134.57,COUNTY,WINERY
5311,358.85,CA,1,0.48,Compost,1,0,COUNTY,WINERY
5311,358.85,CA,1,0.32,Garbage,1,89.71,COUNTY,WINERY
5401,253.08,CA,1,0.48,Garbage,1,101.24,Y,WINERY
5401,253.08,CA,1,0.48,Recycle,1,0,Y,WINERY
5401,253.08,CA,1,0.48,Recycle,1,75.92,Y,WINERY
5401,253.08,CA,1,0.48,Recycle,1,75.92,Y,WINERY
5401,253.08,CA,1,0.32,Compost,1,0,Y,WINERY
5492,32.62,CA,1,0.16,Garbage,1,32.62,S,STRIP MALL
5492,32.62,CA,1,0.48,Recycle,1,0,S,STRIP MALL
5504,32.62,CA,1,0.16,Garbage,1,32.62,S,OFFICE BLD
5504,32.62,CA,1,0.48,Recycle,1,0,S,OFFICE BLD
5662,65.25,CA,1,0.32,Garbage,1,65.25,S,RETAIL
5662,65.25,CA,1,0.48,Recycle,1,0,S,RETAIL
5827,97.87,CA,1,0.48,Garbage,1,97.87,S,RETAIL
5827,97.87,CA,1,0.48,Recycle,1,0,S,RETAIL
5868,0,CA,1,3.5,Garbage,1,0,COUNTY,WINERY
5868,0,CA,1,3.5,Recycle,1,0,COUNTY,WINERY
6090,130.5,CA,1,0.32,Garbage,1,65.25,S,UTILITY
6090,130.5,CA,1,0.48,Recycle,1,0,S,UTILITY
6090,130.5,CA,1,0.32,Garbage,1,65.25,S,UTILITY
6090,130.5,CA,1,0.48,Compost,1,0,S,UTILITY
6204,65.25,CA,1,0.32,Garbage,1,65.25,S,HOME IMPRO
6204,65.25,CA,1,0.48,Recycle,1,0,S,HOME IMPRO
6205,89.71,CA,1,0.32,Garbage,1,89.71,COUNTY,CONTRACTOR
6205,89.71,CA,1,0.48,Recycle,1,0,COUNTY,CONTRACTOR
6205,89.71,CA,1,0.48,Compost,1,0,COUNTY,CONTRACTOR
6413,665.6,CA,1,2,Garbage,1,482.56,COUNTY,MIXED USE
6413,665.6,CA,1,0.48,Compost,1,0,COUNTY,MIXED USE
6413,665.6,CA,1,0.48,Compost,1,91.52,COUNTY,MIXED USE
6413,665.6,CA,1,0.48,Compost,1,91.52,COUNTY,MIXED USE
6413,665.6,CA,1,0.48,Recycle,1,0,COUNTY,MIXED USE
6542,0,CA,1,3.5,Garbage,1,0,COUNTY,WINERY
6542,0,CA,1,3.5,Recycle,1,0,COUNTY,WINERY
6640,514.46,CA,1,2,Garbage,1,439.46,C,RESTAURANT
6640,514.46,CA,3,0.48,Recycle,1,0,C,RESTAURANT
6640,514.46,CA,1,0.48,Recycle,1,0,C,RESTAURANT
6640,514.46,CA,1,0.48,Compost,1,0,C,RESTAURANT
6640,514.46,CA,1,0.48,Recycle,1,0,C,RESTAURANT
6640,514.46,CA,2,0.32,Compost,3,0,C,RESTAURANT
6640,514.46,CA,2,0.32,Compost,3,0,C,RESTAURANT
6640,514.46,CA,2,0.32,Compost,3,0,C,RESTAURANT
6640,514.46,CA,1,4,Recycle,1,75,C,RESTAURANT
6796,1772.84,CA,1,4,Garbage,1,890.4,COUNTY,RESTAURANT
6796,1772.84,CA,1,0.48,Recycle,1,0,COUNTY,RESTAURANT
6796,1772.84,CA,1,0.48,Recycle,1,0,COUNTY,RESTAURANT
6796,1772.84,CA,1,0.48,Recycle,1,0,COUNTY,RESTAURANT
6796,1772.84,CA,1,0.48,Recycle,1,100.93,COUNTY,RESTAURANT
6796,1772.84,CA,1,0.48,Recycle,1,100.93,COUNTY,RESTAURANT
6796,1772.84,CA,1,0.48,Recycle,1,100.93,COUNTY,RESTAURANT
6796,1772.84,CA,1,0.48,Recycle,1,100.93,COUNTY,RESTAURANT
6796,1772.84,CA,4,0.48,Recycle,1,100.93,COUNTY,RESTAURANT
6796,1772.84,CA,6,0.32,Compost,3,0,COUNTY,RESTAURANT
6796,1772.84,CA,6,0.32,Compost,3,0,COUNTY,RESTAURANT
6796,1772.84,CA,6,0.32,Compost,3,0,COUNTY,RESTAURANT
6796,1772.84,CA,1,4,Recycle,4,75,COUNTY,RESTAURANT
6796,1772.84,CA,1,4,Recycle,4,75,COUNTY,RESTAURANT
6796,1772.84,CA,1,4,Recycle,4,75,COUNTY,RESTAURANT
6796,1772.84,CA,1,4,Recycle,4,75,COUNTY,RESTAURANT
6835,482.56,CA,1,2,Garbage,1,482.56,COUNTY,WINERY
6835,482.56,CA,1,0.48,Recycle,1,0,COUNTY,WINERY
6835,482.56,CA,1,0.48,Recycle,1,0,COUNTY,WINERY
6835,482.56,CA,1,0.48,Recycle,1,0,COUNTY,WINERY
7162,760.91,CA,1,2,Garbage,1,760.91,COUNTY,WINERY
7162,760.91,CA,1,0.48,Recycle,1,0,COUNTY,WINERY
7162,760.91,CA,1,0.48,Recycle,1,0,COUNTY,WINERY
7162,760.91,CA,1,0.48,Recycle,1,0,COUNTY,WINERY
7567,363.91,CA,1,2,Garbage,1,363.91,S,CONTRACTOR
7679,32.62,CA,1,0.16,Garbage,1,32.62,S,COMMUNITY
7679,32.62,CA,1,0.48,Recycle,1,0,S,COMMUNITY
7849,2238.2,CA,1,4,Garbage,2,1278.97,S,MIXED USE
7849,2238.2,CA,1,4,Garbage,2,1278.97,S,MIXED USE
7849,2238.2,CA,1,4,Recycle,2,959.23,S,MIXED USE
7849,2238.2,CA,1,4,Recycle,2,959.23,S,MIXED USE
8041,134.57,CA,1,0.48,Garbage,1,134.57,COUNTY,LODGING
8041,134.57,CA,1,0.48,Recycle,1,0,COUNTY,LODGING
8041,134.57,CA,1,0.48,Compost,1,0,COUNTY,LODGING
8045,179.42,CA,1,0.32,Garbage,1,89.71,COUNTY,WINERY
8045,179.42,CA,1,0.48,Recycle,1,0,COUNTY,WINERY
8045,179.42,CA,1,0.48,Compost,1,0,COUNTY,WINERY
8045,179.42,CA,1,0.48,Compost,1,0,COUNTY,WINERY
8045,179.42,CA,1,0.32,Garbage,1,89.71,COUNTY,WINERY
8045,179.42,CA,1,0.48,Recycle,1,0,COUNTY,WINERY
8063,1048.95,CA,1,2,Garbage,3,973.95,S,GROCERY
8063,1048.95,CA,1,2,Garbage,3,973.95,S,GROCERY
8063,1048.95,CA,1,2,Garbage,3,973.95,S,GROCERY
8063,1048.95,CA,3,0.48,Recycle,1,0,S,GROCERY
8063,1048.95,CA,2,0.32,Compost,2,0,S,GROCERY
8063,1048.95,CA,2,0.32,Compost,2,0,S,GROCERY
8063,1048.95,CA,1,4,Recycle,3,75,S,GROCERY
8063,1048.95,CA,1,4,Recycle,3,75,S,GROCERY
8063,1048.95,CA,1,4,Recycle,3,75,S,GROCERY
8141,540.19,CA,1,0.48,Recycle,1,0,COUNTY,WINERY
8141,540.19,CA,1,2,Garbage,1,540.19,COUNTY,WINERY
8141,540.19,CA,1,0.48,Recycle,1,0,COUNTY,WINERY
8141,540.19,CA,1,0.48,Recycle,1,0,COUNTY,WINERY
8141,540.19,CA,1,0.48,Compost,1,0,COUNTY,WINERY
8212,269.13,CA,6,0.16,Garbage,1,32.62,S,MULTIFAMIL
8212,269.13,CA,6,0.48,Recycle,1,0,S,MULTIFAMIL
8212,269.13,CA,1,0.48,Recycle,1,73.41,S,MULTIFAMIL
8212,269.13,CA,3,0.48,Compost,1,0,S,MULTIFAMIL
8213,65.24,CA,1,0.16,Garbage,1,32.62,S,DUPLEX
8213,65.24,CA,1,0.16,Garbage,1,32.62,S,DUPLEX
8213,65.24,CA,1,0.48,Recycle,1,0,S,DUPLEX
8213,65.24,CA,1,0.48,Recycle,1,0,S,DUPLEX
8213,65.24,CA,1,0.48,Compost,1,0,S,DUPLEX
8327,89.71,CA,1,0.32,Garbage,1,89.71,COUNTY,WINERY
8327,89.71,CA,1,0.48,Recycle,1,0,COUNTY,WINERY
8327,89.71,CA,1,0.48,Compost,1,0,COUNTY,WINERY
8626,89.71,CA,1,0.32,Garbage,1,89.71,COUNTY,WINERY
8626,89.71,CA,1,0.48,Recycle,1,0,COUNTY,WINERY
8626,89.71,CA,1,0.48,Compost,1,0,COUNTY,WINERY
8657,97.87,CA,1,0.48,Garbage,1,97.87,S,RESTAURANT
8657,97.87,CA,2,0.48,Recycle,1,0,S,RESTAURANT
8747,583.49,CA,1,2,Garbage,1,482.56,COUNTY,WINERY
8747,583.49,CA,1,0.48,Recycle,1,0,COUNTY,WINERY
8747,583.49,CA,1,0.48,Recycle,1,0,COUNTY,WINERY
8747,583.49,CA,1,0.48,Recycle,1,0,COUNTY,WINERY
8747,583.49,CA,1,0.48,Recycle,1,100.93,COUNTY,WINERY
8747,583.49,CA,1,0.48,Compost,1,0,COUNTY,WINERY
8758,1130.67,CA,1,0.48,Recycle,1,0,COUNTY,WINERY
8758,1130.67,CA,1,0.48,Recycle,1,0,COUNTY,WINERY
8758,1130.67,CA,1,0.48,Recycle,1,0,COUNTY,WINERY
8758,1130.67,CA,1,4,Garbage,1,1005.67,COUNTY,WINERY
8758,1130.67,CA,1,4,Recycle,0,75,COUNTY,WINERY
8758,1130.67,CA,1,SH,"",0,125,COUNTY,WINERY
8800,304.02,CA,1,0.48,Garbage,1,101.34,C,MULTIFAMIL
8800,304.02,CA,1,0.48,Recycle,1,0,C,MULTIFAMIL
8800,304.02,CA,1,0.48,Garbage,1,101.34,C,MULTIFAMIL
8800,304.02,CA,1,0.48,Garbage,1,101.34,C,MULTIFAMIL
8800,304.02,CA,1,0.48,Recycle,1,0,C,MULTIFAMIL
8800,304.02,CA,1,0.48,Compost,1,0,C,MULTIFAMIL
8818,370.07,CA,1,0.48,Garbage,1,134.57,COUNTY,WINERY
8818,370.07,CA,1,0.48,Recycle,1,0,COUNTY,WINERY
8818,370.07,CA,1,0.48,Compost,1,0,COUNTY,WINERY
8818,370.07,CA,1,0.48,Recycle,1,100.93,COUNTY,WINERY
8818,370.07,CA,1,0.48,Garbage,1,134.57,COUNTY,WINERY
8883,482.56,CA,1,2,Garbage,1,482.56,COUNTY,CONTRACTOR
8883,482.56,CA,1,0.48,Recycle,1,0,COUNTY,CONTRACTOR
8959,844.48,CA,1,2,Garbage,1,482.56,COUNTY,WINERY
8959,844.48,CA,1,2,Recycle,1,361.92,COUNTY,WINERY
8959,844.48,CA,1,0.48,Compost,1,0,COUNTY,WINERY
8959,844.48,CA,1,0.48,Compost,1,0,COUNTY,WINERY
9090,177.16,CA,1,0.48,Garbage,1,101.24,Y,WINERY
9090,177.16,CA,1,0.48,Recycle,1,0,Y,WINERY
9090,177.16,CA,1,0.48,Recycle,1,75.92,Y,WINERY
9121,1624.18,CA,1,6,Garbage,1,1298.25,COUNTY,WINERY
9121,1624.18,CA,1,0.48,Recycle,1,0,COUNTY,WINERY
9121,1624.18,CA,1,0.48,Recycle,1,0,COUNTY,WINERY
9121,1624.18,CA,1,0.48,Recycle,1,0,COUNTY,WINERY
9121,1624.18,CA,1,0.48,Recycle,1,100.93,COUNTY,WINERY
9121,1624.18,CA,1,4,Recycle,1,75,COUNTY,WINERY
9121,1624.18,CA,1,4,Recycle,1,75,COUNTY,WINERY
9121,1624.18,CA,1,6,Recycle,2,75,COUNTY,WINERY
9121,1624.18,CA,1,6,Recycle,2,75,COUNTY,WINERY
9121,1624.18,CA,1,0.48,Compost,1,0,COUNTY,WINERY
9195,134.57,CA,1,0.48,Compost,1,0,COUNTY,WINERY
9195,134.57,CA,1,0.48,Garbage,1,134.57,COUNTY,WINERY
9195,134.57,CA,1,0.48,Recycle,1,0,COUNTY,WINERY
9349,72.9,CA,1,0.16,Garbage,1,72.9,COUNTY,WINERY
9349,72.9,CA,1,0.48,Recycle,1,0,COUNTY,WINERY
9368,1638.21,CA,1,4,Garbage,1,890.4,COUNTY,WINERY
9368,1638.21,CA,1,4,Recycle,1,667.81,COUNTY,WINERY
9368,1638.21,CA,1,OC,"",2,80,COUNTY,WINERY
9368,1638.21,CA,1,OC,"",2,80,COUNTY,WINERY
9368,1638.21,CA,1,0.48,Compost,1,0,COUNTY,WINERY
9368,1638.21,CA,1,0.48,Compost,1,0,COUNTY,WINERY
9375,1782.8,MA,2,6,Recycle,1,891.4,C,PARK
9376,1185.33,CA,1,6,Recycle,1,730.46,S,RESTAURANT
9376,1185.33,CA,1,4,Compost,1,454.87,S,RESTAURANT
9376,1185.33,CA,14,0.32,Compost,3,0,S,RESTAURANT
9376,1185.33,CA,14,0.32,Compost,3,0,S,RESTAURANT
9376,1185.33,CA,14,0.32,Compost,3,0,S,RESTAURANT
9481,1601.16,CA,1,4,Garbage,2,1526.16,Y,RESTAURANT
9481,1601.16,CA,1,4,Garbage,2,1526.16,Y,RESTAURANT
9481,1601.16,CA,1,0.48,Recycle,1,0,Y,RESTAURANT
9481,1601.16,CA,1,0.48,Recycle,1,0,Y,RESTAURANT
9481,1601.16,CA,1,0.48,Recycle,1,0,Y,RESTAURANT
9481,1601.16,CA,1,4,Recycle,2,75,Y,RESTAURANT
9481,1601.16,CA,1,4,Recycle,2,75,Y,RESTAURANT
9784,134.57,CA,1,0.48,Compost,1,0,COUNTY,VINEYARD
9784,134.57,CA,1,0.48,Recycle,1,0,COUNTY,VINEYARD
9784,134.57,CA,1,0.48,Garbage,1,134.57,COUNTY,VINEYARD
9819,32.62,CA,1,0.16,Garbage,1,32.62,S,RETAIL
9819,32.62,CA,1,0.48,Recycle,1,0,S,RETAIL
9846,97.87,CA,1,0.48,Garbage,1,97.87,S,COMMUNITY
9846,97.87,CA,1,0.48,Recycle,1,0,S,COMMUNITY
9850,253.08,CA,1,0.48,Garbage,1,101.24,Y,RETAIL
9850,253.08,CA,1,0.48,Recycle,1,0,Y,RETAIL
9850,253.08,CA,1,0.48,Recycle,1,75.92,Y,RETAIL
9850,253.08,CA,1,0.48,Recycle,1,75.92,Y,RETAIL
9906,1005.67,CA,1,4,Garbage,1,1005.67,COUNTY,CONTRACTOR
9910,44.86,CA,1,0.16,Garbage,1,44.86,COUNTY,POSTOFFICE
9910,44.86,CA,1,0.48,Recycle,1,0,COUNTY,POSTOFFICE
9920,2317.12,CA,1,2,Garbage,2,793.4,C,MULTIFAMIL
9920,2317.12,CA,1,2,Garbage,2,793.4,C,MULTIFAMIL
9920,2317.12,CA,4,0.48,Recycle,1,0,C,MULTIFAMIL
9920,2317.12,CA,1,4,Garbage,2,1523.72,C,MULTIFAMIL
9920,2317.12,CA,1,4,Garbage,2,1523.72,C,MULTIFAMIL
9920,2317.12,CA,1,0.48,Compost,1,0,C,MULTIFAMIL
9928,269.14,CA,2,0.48,Garbage,1,134.57,COUNTY,CHURCH
9928,269.14,CA,1,0.48,Recycle,1,0,COUNTY,CHURCH
9928,269.14,CA,1,0.48,Compost,1,0,COUNTY,CHURCH
9929,1627.98,CA,2,2,Garbage,2,813.99,C,LODGING
9929,1627.98,CA,2,2,Garbage,2,813.99,C,LODGING
9964,276.77,CA,1,0.48,Garbage,1,103.93,C,MEDICAL
9964,276.77,CA,1,0.48,Garbage,1,103.93,C,MEDICAL
9964,276.77,CA,1,0.48,Recycle,1,0,C,MEDICAL
9964,276.77,CA,1,0.48,Compost,1,0,C,MEDICAL
9964,276.77,CA,1,0.48,Compost,1,68.91,C,MEDICAL
10065,2816.91,CA,1,6,Garbage,1,1298.25,COUNTY,WINERY
10065,2816.91,CA,1,4,Recycle,1,667.81,COUNTY,WINERY
10065,2816.91,CA,1,4,Recycle,1,667.81,COUNTY,WINERY
10065,2816.91,CA,1,0.48,Compost,1,0,COUNTY,WINERY
10065,2816.91,CA,2,0.48,Compost,1,91.52,COUNTY,WINERY
10065,2816.91,CA,3,0.32,Compost,1,0,COUNTY,WINERY
10067,5246.71,CA,1,6,Recycle,1,1103.36,COUNTY,WINERY
10067,5246.71,CA,1,6,Recycle,1,1103.36,COUNTY,WINERY
10067,5246.71,CA,1,6,Recycle,1,1103.36,COUNTY,WINERY
10067,5246.71,CA,1,4,Garbage,2,1936.63,COUNTY,WINERY
10067,5246.71,CA,1,4,Garbage,2,1936.63,COUNTY,WINERY
10071,3322.57,CA,1,6,Garbage,1,1644.35,COUNTY,WINERY
10071,3322.57,CA,1,4,Recycle,1,840.85,COUNTY,WINERY
10071,3322.57,CA,1,2,"",0,0,COUNTY,WINERY
10071,3322.57,CA,1,4,Compost,1,762.37,COUNTY,WINERY
10071,3322.57,CA,1,6,Recycle,1,75,COUNTY,WINERY
10076,1898.55,CA,1,4,Garbage,2,1706.1,COUNTY,LODGING-FW
10076,1898.55,CA,1,4,Garbage,2,1706.1,COUNTY,LODGING-FW
10076,1898.55,CA,1,0.48,Recycle,1,0,COUNTY,LODGING-FW
10076,1898.55,CA,1,0.48,Recycle,1,0,COUNTY,LODGING-FW
10076,1898.55,CA,1,0.48,Recycle,1,0,COUNTY,LODGING-FW
10076,1898.55,CA,1,0.48,Recycle,1,100.93,COUNTY,LODGING-FW
10076,1898.55,CA,1,0.48,Compost,1,0,COUNTY,LODGING-FW
10076,1898.55,CA,1,0.48,Compost,1,91.52,COUNTY,LODGING-FW
10082,303.72,CA,3,0.48,Garbage,1,101.24,Y,MULTIFAMIL
10082,303.72,CA,1,0.48,Recycle,1,0,Y,MULTIFAMIL
10082,303.72,CA,2,0.48,Recycle,1,0,Y,MULTIFAMIL
10083,1558.21,CA,1,4,Garbage,1,890.4,COUNTY,UTILITY
10083,1558.21,CA,1,4,Recycle,1,667.81,COUNTY,UTILITY
10083,1558.21,CA,3,0.48,Recycle,1,0,COUNTY,UTILITY
10103,428.24,CA,1,2,Garbage,1,428.24,C,MULTIFAMIL
10103,428.24,CA,1,0.48,Recycle,1,0,C,MULTIFAMIL
10103,428.24,CA,1,0.48,Recycle,1,0,C,MULTIFAMIL
10106,1791.03,CA,1,4,Garbage,2,1563.03,C,LODGING
10106,1791.03,CA,1,4,Garbage,2,1563.03,C,LODGING
10106,1791.03,CA,1,0.48,Recycle,1,0,C,LODGING
10106,1791.03,CA,1,0.48,Recycle,1,0,C,LODGING
10106,1791.03,CA,1,0.48,Recycle,1,0,C,LODGING
10106,1791.03,CA,1,0.48,Recycle,1,76,C,LODGING
10106,1791.03,CA,1,0.48,Recycle,1,76,C,LODGING
10106,1791.03,CA,1,0.48,Recycle,1,76,C,LODGING
10106,1791.03,CA,1,0.48,Compost,1,0,C,LODGING
10112,202.48,CA,2,0.48,Garbage,1,101.24,Y,CHURCH
10112,202.48,CA,1,0.48,Recycle,1,0,Y,CHURCH
10112,202.48,CA,3,0.48,Compost,1,0,Y,CHURCH
10139,1511.27,CA,1,4,Garbage,1,668.93,S,STRIP MALL
10139,1511.27,CA,1,PU,"",1,50,S,STRIP MALL
10139,1511.27,CA,1,4,Garbage,1,668.93,S,STRIP MALL
10139,1511.27,CA,1,PU,"",1,50,S,STRIP MALL
10139,1511.27,CA,6,0.48,Recycle,1,0,S,STRIP MALL
10139,1511.27,CA,1,0.48,Recycle,1,73.41,S,STRIP MALL
10139,1511.27,CA,1,0.48,Compost,1,0,S,STRIP MALL
10144,608.04,CA,3,0.48,Garbage,1,101.34,C,MULTIFAMIL
10144,608.04,CA,3,0.48,Garbage,1,101.34,C,MULTIFAMIL
10144,608.04,CA,3,0.48,Recycle,1,0,C,MULTIFAMIL
10144,608.04,CA,3,0.48,Recycle,1,0,C,MULTIFAMIL
10144,608.04,CA,3,0.48,Compost,1,0,C,MULTIFAMIL
10145,6451.98,CA,185,0.16,Garbage,1,33.78,C,MOBILEHOME
10145,6451.98,CA,185,0.48,Compost,1,0,C,MOBILEHOME
10145,6451.98,CA,177,0.48,Recycle,1,0,C,MOBILEHOME
10145,6451.98,CA,1,0.48,Garbage,1,101.34,C,MOBILEHOME
10145,6451.98,CA,1,0.48,Garbage,1,101.34,C,MOBILEHOME
10145,6451.98,CA,1,0.48,Recycle,1,0,C,MOBILEHOME
10145,6451.98,CA,1,0.48,Recycle,1,0,C,MOBILEHOME
10145,6451.98,CA,1,0.48,Recycle,1,0,C,MOBILEHOME
10145,6451.98,CA,1,0.48,Compost,1,0,C,MOBILEHOME
10154,2398.21,CA,1,4,Garbage,3,2398.21,C,LODGING
10154,2398.21,CA,1,4,Garbage,3,2398.21,C,LODGING
10154,2398.21,CA,1,4,Garbage,3,2398.21,C,LODGING
10154,2398.21,CA,3,0.48,Recycle,1,0,C,LODGING
10154,2398.21,CA,1,0.48,Compost,1,0,C,LODGING
10161,140.51,CA,1,0.48,Garbage,1,140.51,C,OFFICE BLD
10161,140.51,CA,1,0.48,Recycle,1,0,C,OFFICE BLD
10174,439.46,CA,1,2,Garbage,1,439.46,C,RETAIL
10174,439.46,CA,1,0.48,Recycle,1,0,C,RETAIL
10174,439.46,CA,1,0.48,Recycle,1,0,C,RETAIL
10174,439.46,CA,1,0.48,Recycle,1,0,C,RETAIL
10185,65.25,CA,1,0.32,Garbage,1,65.25,S,ENTERTAINM
10185,65.25,CA,1,0.48,Recycle,1,0,S,ENTERTAINM
10209,255.93,CA,1,0.48,Garbage,1,103.93,C,POSTOFFICE
10209,255.93,CA,1,0.48,Recycle,1,0,C,POSTOFFICE
10209,255.93,CA,1,0.48,Compost,1,0,C,POSTOFFICE
10209,255.93,CA,2,0.48,Recycle,1,76,C,POSTOFFICE
10222,138.56,CA,1,0.32,Garbage,1,69.28,C,OFFICE BLD
10222,138.56,CA,1,0.48,Recycle,1,0,C,OFFICE BLD
10222,138.56,CA,1,0.32,Garbage,1,69.28,C,OFFICE BLD
10222,138.56,CA,1,0.48,Recycle,1,0,C,OFFICE BLD
10224,882.9,CA,1,2,Garbage,2,813.99,C,LODGING
10224,882.9,CA,1,2,Garbage,2,813.99,C,LODGING
10224,882.9,CA,1,0.48,Compost,1,0,C,LODGING
10224,882.9,CA,1,0.48,Compost,1,68.91,C,LODGING
10224,882.9,CA,1,0.48,Recycle,1,0,C,LODGING
10224,882.9,CA,1,0.48,Recycle,1,0,C,LODGING
10224,882.9,CA,1,0.48,Recycle,1,0,C,LODGING
10227,69.28,CA,1,0.32,Garbage,1,69.28,C,MEDICAL
10227,69.28,CA,1,0.48,Recycle,1,0,C,MEDICAL
10227,69.28,CA,1,0.48,Compost,1,0,C,MEDICAL
10233,4931.88,CA,146,0.16,Garbage,1,33.78,C,MOBILEHOME
10233,4931.88,CA,146,0.48,Recycle,1,0,C,MOBILEHOME
10233,4931.88,CA,3,0.48,Compost,1,0,C,MOBILEHOME
10238,67.56,CA,2,0.16,Garbage,1,33.78,C,MULTIFAMIL
10238,67.56,CA,1,0.48,Recycle,1,0,C,MULTIFAMIL
10247,3008.71,CA,1,4,Garbage,3,2398.21,C,GROCERY
10247,3008.71,CA,1,4,Garbage,3,2398.21,C,GROCERY
10247,3008.71,CA,1,4,Garbage,3,2398.21,C,GROCERY
10247,3008.71,CA,1,0.48,Recycle,1,0,C,GROCERY
10247,3008.71,CA,1,0.48,Recycle,1,0,C,GROCERY
10247,3008.71,CA,1,4,Recycle,1,610.5,C,GROCERY
10247,3008.71,CA,5,0.32,Compost,3,0,C,GROCERY
10247,3008.71,CA,5,0.32,Compost,3,0,C,GROCERY
10247,3008.71,CA,5,0.32,Compost,3,0,C,GROCERY
10247,3008.71,CA,1,6,Garbage,2,0,C,GROCERY
10247,3008.71,CA,1,6,Garbage,2,0,C,GROCERY
10248,743.93,CA,1,4,Garbage,1,668.93,S,AUTO
10248,743.93,CA,1,0.48,Recycle,1,0,S,AUTO
10248,743.93,CA,1,6,Recycle,1,75,S,AUTO
10250,2035.83,CA,1,4,Garbage,3,1889.01,S,LODGING-FW
10250,2035.83,CA,1,4,Garbage,3,1889.01,S,LODGING-FW
10250,2035.83,CA,1,4,Garbage,3,1889.01,S,LODGING-FW
10250,2035.83,CA,1,0.48,Recycle,1,0,S,LODGING-FW
10250,2035.83,CA,1,0.48,Recycle,1,0,S,LODGING-FW
10250,2035.83,CA,1,0.48,Recycle,1,0,S,LODGING-FW
10250,2035.83,CA,2,0.48,Recycle,1,73.41,S,LODGING-FW
10250,2035.83,CA,3,0.48,Compost,1,0,S,LODGING-FW
10255,4567.25,CA,1,6,Garbage,2,3213.99,COUNTY,WINERY
10255,4567.25,CA,1,6,Garbage,2,3213.99,COUNTY,WINERY
10255,4567.25,CA,1,OC,"",2,80,COUNTY,WINERY
10255,4567.25,CA,1,OC,"",2,80,COUNTY,WINERY
10255,4567.25,CA,3,0.48,Recycle,1,0,COUNTY,WINERY
10255,4567.25,CA,1,6,Recycle,1,1233.26,COUNTY,WINERY
10255,4567.25,CA,1,OC,"",1,40,COUNTY,WINERY
10257,97.87,CA,1,0.48,Garbage,1,97.87,S,AUTO
10260,69.28,CA,2,0.16,Garbage,1,34.64,C,OFFICE BLD
10260,69.28,CA,1,0.48,Recycle,1,0,C,OFFICE BLD
10260,69.28,CA,1,0.48,Recycle,1,0,C,OFFICE BLD
10260,69.28,CA,1,0.48,Compost,1,0,C,OFFICE BLD
10262,195.74,CA,2,0.48,Garbage,1,97.87,S,OFFICE BLD
10262,195.74,CA,1,0.48,Recycle,1,0,S,OFFICE BLD
10263,1278.97,CA,1,2,Garbage,4,1278.97,S,RESTAURANT
10263,1278.97,CA,1,2,Garbage,4,1278.97,S,RESTAURANT
10263,1278.97,CA,1,2,Garbage,4,1278.97,S,RESTAURANT
10263,1278.97,CA,1,2,Garbage,4,1278.97,S,RESTAURANT
10265,6347.58,CA,1,6,Garbage,5,4634.19,S,GROCERY
10265,6347.58,CA,1,6,Garbage,5,4634.19,S,GROCERY
10265,6347.58,CA,1,6,Garbage,5,4634.19,S,GROCERY
10265,6347.58,CA,1,6,Garbage,5,4634.19,S,GROCERY
10265,6347.58,CA,1,6,Garbage,5,4634.19,S,GROCERY
10265,6347.58,CA,1,6,Garbage,1,1343.16,S,GROCERY
10265,6347.58,CA,1,0.48,Recycle,1,0,S,GROCERY
10265,6347.58,CA,1,0.48,Recycle,1,0,S,GROCERY
10265,6347.58,CA,1,0.48,Recycle,1,0,S,GROCERY
10265,6347.58,CA,1,0.48,Recycle,1,73.41,S,GROCERY
10265,6347.58,CA,2,0.48,Recycle,1,73.41,S,GROCERY
10265,6347.58,CA,10,0.32,Compost,3,0,S,GROCERY
10265,6347.58,CA,10,0.32,Compost,3,0,S,GROCERY
10265,6347.58,CA,10,0.32,Compost,3,0,S,GROCERY
10265,6347.58,CA,1,6,Recycle,4,75,S,GROCERY
10265,6347.58,CA,1,6,Recycle,4,75,S,GROCERY
10265,6347.58,CA,1,6,Recycle,4,75,S,GROCERY
10265,6347.58,CA,1,6,Recycle,4,75,S,GROCERY
10265,6347.58,CA,1,4,Recycle,4,75,S,GROCERY
10265,6347.58,CA,1,4,Recycle,4,75,S,GROCERY
10265,6347.58,CA,1,4,Recycle,4,75,S,GROCERY
10265,6347.58,CA,1,4,Recycle,4,75,S,GROCERY
10271,363.91,CA,1,2,Garbage,1,363.91,S,AUTO
10271,363.91,CA,3,0.48,Recycle,1,0,S,AUTO
10289,743.93,CA,1,4,Garbage,1,668.93,S,HOME IMPRO
10289,743.93,CA,3,0.48,Recycle,1,0,S,HOME IMPRO
10289,743.93,CA,1,4,Recycle,2,75,S,HOME IMPRO
10289,743.93,CA,1,4,Recycle,2,75,S,HOME IMPRO
10295,363.91,CA,1,2,Garbage,1,363.91,S,RETAIL
10295,363.91,CA,1,0.48,Recycle,1,0,S,RETAIL
10295,363.91,CA,1,0.48,Recycle,1,0,S,RETAIL
10295,363.91,CA,1,0.48,Recycle,1,0,S,RETAIL
10301,171.28,CA,1,0.48,Garbage,1,97.87,S,POSTOFFICE
10301,171.28,CA,1,0.48,Recycle,1,0,S,POSTOFFICE
10301,171.28,CA,1,0.48,Recycle,1,73.41,S,POSTOFFICE
10302,1780.67,MA,1,4,Garbage,2,1278.97,S,PARK
10302,1780.67,MA,1,4,Garbage,2,1278.97,S,PARK
10302,1780.67,MA,1,4,Recycle,1,501.7,S,PARK
10303,668.93,MA,1,2,Garbage,2,668.93,S,UTILITY
10303,668.93,MA,1,2,Garbage,2,668.93,S,UTILITY
10303,668.93,MA,3,0.48,Recycle,1,0,S,UTILITY
10304,1358.97,MA,1,4,Garbage,2,1278.97,S,PARK
10304,1358.97,MA,1,4,Garbage,2,1278.97,S,PARK
10304,1358.97,MA,1,OC,"",2,80,S,PARK
10304,1358.97,MA,1,OC,"",2,80,S,PARK
10304,1358.97,MA,8,0.48,Recycle,1,0,S,PARK
10304,1358.97,MA,1,0.48,Compost,1,0,S,PARK
10304,1358.97,MA,1,0.32,Compost,1,0,S,PARK
10306,97.87,CA,1,0.48,Garbage,1,97.87,S,OFFICE BLD
10306,97.87,CA,1,0.48,Recycle,1,0,S,OFFICE BLD
10310,97.87,CA,1,0.48,Recycle,1,0,S,OFFICE BLD
10310,97.87,CA,1,0.48,Garbage,1,97.87,S,OFFICE BLD
10316,363.91,CA,1,2,Garbage,1,363.91,S,CONTRACTOR
10317,505.47,CA,1,2,Garbage,1,363.91,S,AUTO
10317,505.47,CA,1,6,Recycle,1,75,S,AUTO
10317,505.47,CA,2,0.48,Recycle,1,0,S,AUTO
10317,505.47,CA,1,0.48,Compost,1,0,S,AUTO
10317,505.47,CA,1,0.48,Compost,1,66.56,S,AUTO
10318,668.93,CA,1,4,Garbage,1,668.93,S,UTILITY
10318,668.93,CA,1,0.48,Recycle,1,0,S,UTILITY
10321,743.93,CA,1,4,Garbage,1,668.93,S,AUTO
10321,743.93,CA,1,4,Recycle,1,75,S,AUTO
10321,743.93,CA,3,0.48,Recycle,1,0,S,AUTO
10321,743.93,CA,1,0.48,Compost,1,0,S,AUTO
10323,1843.37,CA,12,0.48,Garbage,1,97.87,S,MULTIFAMIL
10323,1843.37,CA,1,4,Garbage,1,668.93,S,MULTIFAMIL
10323,1843.37,CA,6,0.48,Recycle,1,0,S,MULTIFAMIL
10323,1843.37,CA,11,0.48,Compost,1,0,S,MULTIFAMIL
10325,97.87,CA,1,0.48,Garbage,1,97.87,S,COMMUNITY
10325,97.87,CA,1,0.48,Recycle,1,0,S,COMMUNITY
10325,97.87,CA,1,0.48,Compost,1,0,S,COMMUNITY
10327,97.87,CA,1,0.48,Garbage,1,97.87,S,VINEYARD
10327,97.87,CA,1,0.48,Recycle,1,0,S,VINEYARD
10328,1500.79,CA,1,4,Garbage,2,1278.97,S,BAKERY
10328,1500.79,CA,1,4,Garbage,2,1278.97,S,BAKERY
10328,1500.79,CA,1,0.48,Recycle,1,0,S,BAKERY
10328,1500.79,CA,1,0.48,Recycle,1,0,S,BAKERY
10328,1500.79,CA,1,0.48,Recycle,1,0,S,BAKERY
10328,1500.79,CA,1,0.48,Recycle,1,73.41,S,BAKERY
10328,1500.79,CA,1,0.48,Recycle,1,73.41,S,BAKERY
10328,1500.79,CA,3,0.32,Compost,3,0,S,BAKERY
10328,1500.79,CA,3,0.32,Compost,3,0,S,BAKERY
10328,1500.79,CA,3,0.32,Compost,3,0,S,BAKERY
10328,1500.79,CA,1,4,Recycle,2,75,S,BAKERY
10328,1500.79,CA,1,4,Recycle,2,75,S,BAKERY
10333,195.75,CA,1,0.32,Garbage,1,65.25,S,MULTIFAMIL
10333,195.75,CA,1,0.32,Garbage,1,65.25,S,MULTIFAMIL
10333,195.75,CA,1,0.32,Garbage,1,65.25,S,MULTIFAMIL
10333,195.75,CA,1,0.48,Compost,1,0,S,MULTIFAMIL
10333,195.75,CA,1,0.48,Recycle,1,0,S,MULTIFAMIL
10333,195.75,CA,1,0.48,Recycle,1,0,S,MULTIFAMIL
10334,363.91,CA,1,2,Garbage,1,363.91,S,GROCERY
10334,363.91,CA,1,0.48,Compost,1,0,S,GROCERY
10334,363.91,CA,3,0.48,Recycle,1,0,S,GROCERY
10335,363.91,CA,1,2,Garbage,1,363.91,S,SCHOOL
10335,363.91,CA,1,0.48,Compost,1,0,S,SCHOOL
10335,363.91,CA,1,0.48,Recycle,1,0,S,SCHOOL
10335,363.91,CA,1,0.48,Recycle,1,0,S,SCHOOL
10335,363.91,CA,1,0.48,Recycle,1,0,S,SCHOOL
10340,97.87,CA,1,0.48,Garbage,1,97.87,S,OFFICE BLD
10340,97.87,CA,1,0.48,Recycle,1,0,S,OFFICE BLD
10340,97.87,CA,1,0.48,Compost,1,0,S,OFFICE BLD
10342,391.48,CA,2,0.48,Garbage,2,195.74,S,MEDICAL
10342,391.48,CA,2,0.48,Garbage,2,195.74,S,MEDICAL
10342,391.48,CA,1,0.48,Compost,1,0,S,MEDICAL
10342,391.48,CA,2,0.48,Recycle,1,0,S,MEDICAL
10343,3208.23,CA,1,6,Garbage,1,973.95,S,HOA
10343,3208.23,CA,1,6,Garbage,1,973.95,S,HOA
10343,3208.23,CA,1,6,Recycle,1,730.46,S,HOA
10343,3208.23,CA,1,4,Compost,1,454.87,S,HOA
10343,3208.23,CA,1,4,Recycle,1,75,S,HOA
10344,7013.3,CA,215,0.16,Garbage,1,32.62,S,MOBILEHOME
10344,7013.3,CA,219,0.48,Recycle,1,0,S,MOBILEHOME
10345,668.93,CA,1,4,Garbage,1,668.93,S,INDUSTRIAL
10345,668.93,CA,3,0.48,Recycle,1,0,S,INDUSTRIAL
10346,363.91,CA,1,2,Garbage,1,363.91,S,WINERY
10346,363.91,CA,1,0.48,Recycle,1,0,S,WINERY
10347,2036.81,CA,1,4,Garbage,3,1970.25,S,NRSG HOME
10347,2036.81,CA,1,4,Garbage,3,1970.25,S,NRSG HOME
10347,2036.81,CA,1,4,Garbage,3,1970.25,S,NRSG HOME
10347,2036.81,CA,3,0.48,Recycle,1,0,S,NRSG HOME
10347,2036.81,CA,1,0.48,Compost,1,0,S,NRSG HOME
10347,2036.81,CA,1,0.48,Compost,1,66.56,S,NRSG HOME
10348,1170.63,CA,1,4,Garbage,1,668.93,S,MULTIFAMIL
10348,1170.63,CA,1,4,Recycle,1,501.7,S,MULTIFAMIL
10349,413.91,CA,1,2,Garbage,1,363.91,S,MULTIFAMIL
10349,413.91,CA,1,PU,"",1,50,S,MULTIFAMIL
10349,413.91,CA,1,0.48,Compost,1,0,S,MULTIFAMIL
10349,413.91,CA,2,0.48,Recycle,1,0,S,MULTIFAMIL
10355,668.93,CA,1,4,Garbage,1,668.93,S,OFFICE BLD
10355,668.93,CA,2,0.48,Recycle,1,0,S,OFFICE BLD
10355,668.93,CA,1,0.48,Compost,1,0,S,OFFICE BLD
10366,506.7,CA,5,0.48,Garbage,1,101.34,C,MULTIFAMIL
10368,1658.21,CA,1,4,Garbage,1,890.4,COUNTY,LODGING-FW
10368,1658.21,CA,1,4,Recycle,1,667.81,COUNTY,LODGING-FW
10368,1658.21,CA,1,PU,"",2,100,COUNTY,LODGING-FW
10368,1658.21,CA,1,PU,"",2,100,COUNTY,LODGING-FW
10368,1658.21,CA,1,0.32,Compost,3,0,COUNTY,LODGING-FW
10368,1658.21,CA,1,0.32,Compost,3,0,COUNTY,LODGING-FW
10368,1658.21,CA,1,0.32,Compost,3,0,COUNTY,LODGING-FW
10373,363.91,CA,1,2,Garbage,1,363.91,S,CHURCH
10373,363.91,CA,3,0.48,Recycle,1,0,S,CHURCH
10373,363.91,CA,2,0.48,Recycle,1,0,S,CHURCH
10373,363.91,CA,1,0.48,Compost,1,0,S,CHURCH
10373,363.91,CA,2,0.32,Compost,1,0,S,CHURCH
10374,363.91,CA,1,2,Garbage,1,363.91,S,COMMUNITY
10374,363.91,CA,1,0.48,Recycle,1,0,S,COMMUNITY
10374,363.91,CA,1,0.48,Recycle,1,0,S,COMMUNITY
10378,430.47,CA,1,2,Garbage,1,363.91,S,CHURCH
10378,430.47,CA,1,0.48,Compost,1,0,S,CHURCH
10378,430.47,CA,1,0.48,Recycle,1,0,S,CHURCH
10378,430.47,CA,1,0.48,Compost,1,66.56,S,CHURCH
10383,2804.07,CA,1,6,Garbage,3,2804.07,S,OFFICE BLD
10383,2804.07,CA,1,6,Garbage,3,2804.07,S,OFFICE BLD
10383,2804.07,CA,1,6,Garbage,3,2804.07,S,OFFICE BLD
10383,2804.07,CA,1,0.48,Recycle,1,0,S,OFFICE BLD
10384,363.91,CA,1,2,Garbage,1,363.91,S,CONTRACTOR
10384,363.91,CA,2,0.48,Recycle,1,0,S,CONTRACTOR
10390,101.24,CA,1,0.48,Garbage,1,101.24,Y,CHURCH
10390,101.24,CA,1,0.48,Recycle,1,0,Y,CHURCH
10390,101.24,CA,1,0.48,Compost,1,0,Y,CHURCH
10394,8471.2,CA,236,0.16,Garbage,1,33.75,Y,MOBILEHOME
10394,8471.2,CA,5,0.48,Garbage,1,101.24,Y,MOBILEHOME
10394,8471.2,CA,3,0.48,Recycle,1,0,Y,MOBILEHOME
10394,8471.2,CA,235,0.48,Recycle,1,0,Y,MOBILEHOME
10394,8471.2,CA,11,0.48,Compost,1,0,Y,MOBILEHOME
10395,1601.16,CA,1,4,Garbage,2,1526.16,Y,LODGING
10395,1601.16,CA,1,4,Garbage,2,1526.16,Y,LODGING
10395,1601.16,CA,2,0.48,Recycle,1,0,Y,LODGING
10395,1601.16,CA,1,0.32,Compost,1,0,Y,LODGING
10395,1601.16,CA,1,4,Recycle,1,75,Y,LODGING
10400,101.24,CA,1,0.48,Garbage,1,101.24,Y,OFFICE BLD
10400,101.24,CA,1,0.48,Recycle,1,0,Y,OFFICE BLD
10403,1548.35,CA,3,0.48,Garbage,1,101.24,Y,STRIP MALL
10403,1548.35,CA,1,0.48,Recycle,1,0,Y,STRIP MALL
10403,1548.35,CA,1,4,Recycle,2,1144.63,Y,STRIP MALL
10403,1548.35,CA,1,4,Recycle,2,1144.63,Y,STRIP MALL
10403,1548.35,CA,1,PU,"",2,100,Y,STRIP MALL
10403,1548.35,CA,1,PU,"",2,100,Y,STRIP MALL
10410,103.93,CA,1,0.48,Garbage,1,103.93,C,LODGING-FW
10410,103.93,CA,1,0.48,Recycle,1,0,C,LODGING-FW
10410,103.93,CA,1,0.48,Compost,1,0,C,LODGING-FW
10411,802.51,CA,7,0.48,Garbage,1,103.93,C,LODGING
10411,802.51,CA,6,0.48,Recycle,1,0,C,LODGING
10411,802.51,CA,3,0.48,Compost,1,0,C,LODGING
10411,802.51,CA,1,6,Recycle,2,75,C,LODGING
10411,802.51,CA,1,6,Recycle,2,75,C,LODGING
10418,101.24,CA,1,0.48,Garbage,1,101.24,Y,CHURCH
10418,101.24,CA,1,0.48,Recycle,1,0,Y,CHURCH
10418,101.24,CA,1,0.48,Compost,1,0,Y,CHURCH
10427,839.35,MA,1,4,Garbage,1,799.35,Y,COMMUNITY
10427,839.35,MA,1,OC,"",1,40,Y,COMMUNITY
10427,839.35,MA,3,0.48,Recycle,1,0,Y,COMMUNITY
10432,1649.14,CA,1,4,Garbage,2,1580.3,Y,NRSG HOME
10432,1649.14,CA,1,4,Garbage,2,1580.3,Y,NRSG HOME
10432,1649.14,CA,1,0.48,Recycle,1,0,Y,NRSG HOME
10432,1649.14,CA,1,0.48,Recycle,1,0,Y,NRSG HOME
10432,1649.14,CA,1,0.48,Recycle,1,0,Y,NRSG HOME
10432,1649.14,CA,1,0.48,Compost,1,0,Y,NRSG HOME
10432,1649.14,CA,1,0.48,Compost,1,0,Y,NRSG HOME
10432,1649.14,CA,1,0.48,Compost,1,0,Y,NRSG HOME
10432,1649.14,CA,1,0.48,Compost,1,68.84,Y,NRSG HOME
10433,482.56,MA,1,2,Garbage,1,482.56,COUNTY,MEMBER
10435,890.4,CA,1,4,Garbage,1,890.4,COUNTY,VINEYARD
10435,890.4,CA,1,0.48,Recycle,1,0,COUNTY,VINEYARD
10435,890.4,CA,1,0.48,Recycle,1,0,COUNTY,VINEYARD
10435,890.4,CA,1,0.48,Recycle,1,0,COUNTY,VINEYARD
10438,1966.06,CA,1,6,Garbage,1,1298.25,COUNTY,GROUP HOME
10438,1966.06,CA,1,4,Recycle,1,667.81,COUNTY,GROUP HOME
10438,1966.06,CA,1,0.48,Recycle,1,0,COUNTY,GROUP HOME
10438,1966.06,CA,1,0.48,Recycle,1,0,COUNTY,GROUP HOME
10438,1966.06,CA,1,0.48,Recycle,1,0,COUNTY,GROUP HOME
10438,1966.06,CA,2,0.32,Compost,2,0,COUNTY,GROUP HOME
10438,1966.06,CA,2,0.32,Compost,2,0,COUNTY,GROUP HOME
10442,1585.28,CA,1,4,Garbage,1,917.47,COUNTY,INDUSTRIAL
10442,1585.28,CA,1,4,Recycle,1,667.81,COUNTY,INDUSTRIAL
10442,1585.28,CA,1,0.48,Recycle,1,0,COUNTY,INDUSTRIAL
10442,1585.28,CA,1,0.48,Recycle,1,0,COUNTY,INDUSTRIAL
10442,1585.28,CA,1,0.48,Recycle,1,0,COUNTY,INDUSTRIAL
10445,1488.25,CA,1,6,Garbage,1,1298.25,COUNTY,WINERY
10445,1488.25,CA,1,4,Recycle,1,75,COUNTY,WINERY
10445,1488.25,CA,1,OC,"",1,40,COUNTY,WINERY
10445,1488.25,CA,3,0.48,Recycle,1,0,COUNTY,WINERY
10445,1488.25,CA,1,4,Recycle,1,75,COUNTY,WINERY
10448,3499.08,CA,78,0.16,Garbage,1,44.86,COUNTY,HOSPITAL
10453,482.56,CA,1,2,Garbage,1,482.56,COUNTY,MOBILEHOME
10453,482.56,CA,1,0.48,Recycle,1,0,COUNTY,MOBILEHOME
10453,482.56,CA,1,0.48,Compost,1,0,COUNTY,MOBILEHOME
10453,482.56,CA,1,0.48,Recycle,1,0,COUNTY,MOBILEHOME
10453,482.56,CA,1,0.48,Recycle,1,0,COUNTY,MOBILEHOME
10459,482.56,CA,1,2,Garbage,1,482.56,COUNTY,HOSPITAL
10459,482.56,CA,1,0.48,Recycle,1,0,COUNTY,HOSPITAL
10461,890.4,CA,1,4,Garbage,1,890.4,COUNTY,WINERY
10461,890.4,CA,1,0.48,Recycle,1,0,COUNTY,WINERY
10461,890.4,CA,1,0.48,Recycle,1,0,COUNTY,WINERY
10461,890.4,CA,1,0.48,Compost,1,0,COUNTY,WINERY
10461,890.4,CA,1,0.48,Compost,1,0,COUNTY,WINERY
10461,890.4,CA,1,0.32,Compost,1,0,COUNTY,WINERY
10471,965.4,CA,1,4,Garbage,1,890.4,COUNTY,POLICEFIRE
10471,965.4,CA,1,4,Recycle,1,75,COUNTY,POLICEFIRE
10471,965.4,CA,1,0.48,Recycle,1,0,COUNTY,POLICEFIRE
10471,965.4,CA,2,0.48,Compost,1,0,COUNTY,POLICEFIRE
10475,965.4,CA,1,4,Garbage,1,890.4,COUNTY,WINERY
10475,965.4,CA,1,0.48,Recycle,1,0,COUNTY,WINERY
10475,965.4,CA,1,0.48,Recycle,1,0,COUNTY,WINERY
10475,965.4,CA,1,6,Recycle,1,75,COUNTY,WINERY
10480,134.57,CA,1,0.48,Garbage,1,134.57,COUNTY,SCHOOL
10480,134.57,CA,1,0.48,Recycle,1,0,COUNTY,SCHOOL
10480,134.57,CA,1,0.48,Compost,1,0,COUNTY,SCHOOL
10483,890.4,CA,1,4,Garbage,1,890.4,COUNTY,VINEYARD
10483,890.4,CA,1,0.48,Recycle,1,0,COUNTY,VINEYARD
10483,890.4,CA,1,0.48,Recycle,1,0,COUNTY,VINEYARD
10483,890.4,CA,1,0.48,Recycle,1,0,COUNTY,VINEYARD
10487,482.56,CA,1,2,Garbage,1,482.56,COUNTY,CHURCH
10487,482.56,CA,3,0.48,Recycle,1,0,COUNTY,CHURCH
10487,482.56,CA,1,0.48,Compost,1,0,COUNTY,CHURCH
10488,699.2,CA,2,0.48,Garbage,1,174.8,COUNTY,SCHOOL
10488,699.2,CA,2,0.48,Garbage,1,174.8,COUNTY,SCHOOL
10488,699.2,CA,5,0.48,Recycle,1,0,COUNTY,SCHOOL
10488,699.2,CA,1,0.16,Recycle,1,0,COUNTY,SCHOOL
10488,699.2,CA,1,0.48,Compost,1,0,COUNTY,SCHOOL
10490,482.56,CA,1,2,Garbage,1,482.56,COUNTY,SCHOOL
10490,482.56,CA,1,0.48,Recycle,1,0,COUNTY,SCHOOL
10490,482.56,CA,1,0.48,Recycle,1,0,COUNTY,SCHOOL
10490,482.56,CA,1,0.48,Recycle,1,0,COUNTY,SCHOOL
10490,482.56,CA,1,0.48,Recycle,1,0,COUNTY,SCHOOL
10490,482.56,CA,1,0.48,Recycle,1,0,COUNTY,SCHOOL
10490,482.56,CA,4,0.16,Recycle,1,0,COUNTY,SCHOOL
10490,482.56,CA,1,0.48,Compost,1,0,COUNTY,SCHOOL
10490,482.56,CA,1,0.48,Compost,1,0,COUNTY,SCHOOL
10490,482.56,CA,1,0.48,Compost,1,0,COUNTY,SCHOOL
10490,482.56,CA,1,0.48,Recycle,1,0,COUNTY,SCHOOL
10500,363.91,CA,1,2,Garbage,1,363.91,S,MINI MART
10500,363.91,CA,3,0.48,Recycle,1,0,S,MINI MART
10503,667.81,CA,1,4,Recycle,1,667.81,COUNTY,VINEYARD
10507,965.4,CA,1,4,Garbage,1,890.4,COUNTY,WINERY
10507,965.4,CA,3,0.48,Recycle,1,0,COUNTY,WINERY
10507,965.4,CA,1,0.48,Compost,1,0,COUNTY,WINERY
10507,965.4,CA,1,6,Recycle,1,75,COUNTY,WINERY
10510,1447.1,CA,1,4,Garbage,1,1447.1,COUNTY,VINEYARD
10512,134.57,CA,1,0.48,Garbage,1,134.57,COUNTY,WINERY
10512,134.57,CA,1,0.48,Recycle,1,0,COUNTY,WINERY
10512,134.57,CA,1,0.48,Compost,1,0,COUNTY,WINERY
10516,890.4,CA,1,4,Garbage,1,890.4,COUNTY,VINEYARD
10516,890.4,CA,1,0.48,Recycle,1,0,COUNTY,VINEYARD
10516,890.4,CA,1,0.48,Recycle,1,0,COUNTY,VINEYARD
10516,890.4,CA,1,0.48,Recycle,1,0,COUNTY,VINEYARD
10519,0,CA,1,3.5,Garbage,1,0,COUNTY,WINERY
10519,0,CA,1,3.5,Recycle,1,0,COUNTY,WINERY
10519,0,CA,1,3.5,Recycle,1,0,COUNTY,WINERY
10521,2440.1,CA,1,0.48,Recycle,1,0,COUNTY,WINERY
10521,2440.1,CA,1,4,Garbage,1,1121.14,COUNTY,WINERY
10521,2440.1,CA,1,4,Compost,1,762.37,COUNTY,WINERY
10521,2440.1,CA,1,2,Compost,1,406.59,COUNTY,WINERY
10521,2440.1,CA,1,0.48,Recycle,1,0,COUNTY,WINERY
10521,2440.1,CA,1,0.48,Recycle,1,0,COUNTY,WINERY
10521,2440.1,CA,1,2,Garbage,0,0,COUNTY,WINERY
10521,2440.1,CA,1,4,Recycle,1,75,COUNTY,WINERY
10521,2440.1,CA,1,6,Recycle,1,75,COUNTY,WINERY
10522,134.57,CA,1,0.48,Garbage,1,134.57,COUNTY,POSTOFFICE
10522,134.57,CA,1,0.48,Recycle,1,0,COUNTY,POSTOFFICE
10523,1708.21,CA,1,4,Garbage,1,890.4,COUNTY,WINERY
10523,1708.21,CA,3,0.48,Recycle,1,0,COUNTY,WINERY
10523,1708.21,CA,1,4,Recycle,1,667.81,COUNTY,WINERY
10523,1708.21,CA,1,4,Recycle,1,75,COUNTY,WINERY
10523,1708.21,CA,1,4,Recycle,1,75,COUNTY,WINERY
10524,1373.25,CA,1,6,Garbage,1,1298.25,COUNTY,GROCERY
10524,1373.25,CA,2,0.32,Compost,3,0,COUNTY,GROCERY
10524,1373.25,CA,2,0.32,Compost,3,0,COUNTY,GROCERY
10524,1373.25,CA,2,0.32,Compost,3,0,COUNTY,GROCERY
10524,1373.25,CA,1,4,Recycle,1,75,COUNTY,GROCERY
10525,3579.43,CA,1,6,Garbage,1,2133.3,COUNTY,WINERY
10525,3579.43,CA,1,4,Recycle,1,1085.33,COUNTY,WINERY
10525,3579.43,CA,2,0.32,Compost,2,180.4,COUNTY,WINERY
10525,3579.43,CA,2,0.32,Compost,2,180.4,COUNTY,WINERY
10531,2532.43,CA,1,4,Garbage,1,1447.1,COUNTY,VINEYARD
10531,2532.43,CA,1,4,Recycle,1,1085.33,COUNTY,VINEYARD
10532,2721.53,CA,1,0.48,Recycle,1,0,COUNTY,WINERY
10532,2721.53,CA,1,0.48,Recycle,1,0,COUNTY,WINERY
10532,2721.53,CA,1,0.48,Recycle,1,0,COUNTY,WINERY
10532,2721.53,CA,1,4,Compost,1,605.47,COUNTY,WINERY
10532,2721.53,CA,1,4,Recycle,1,667.81,COUNTY,WINERY
10532,2721.53,CA,1,6,Garbage,1,1298.25,COUNTY,WINERY
10532,2721.53,CA,1,4,Recycle,1,75,COUNTY,WINERY
10532,2721.53,CA,1,6,Recycle,1,75,COUNTY,WINERY
10535,890.4,CA,1,4,Garbage,1,890.4,COUNTY,VINEYARD
10535,890.4,CA,1,0.48,Recycle,1,0,COUNTY,VINEYARD
10550,363.91,CA,1,2,Garbage,1,363.91,S,AUTO
10550,363.91,CA,3,0.48,Recycle,1,0,S,AUTO
10553,405.39,CA,1,1,"",0,58.89,S,CONTRACTOR
10553,405.39,CA,3,0.48,Recycle,1,0,S,CONTRACTOR
10553,405.39,CA,1,0.48,Compost,1,0,S,CONTRACTOR
10553,405.39,CA,2,0.48,Recycle,1,73.41,S,CONTRACTOR
10553,405.39,CA,3,0.48,Compost,1,66.56,S,CONTRACTOR
10556,1197.36,CA,1,6,Garbage,1,973.95,S,WINERY
10556,1197.36,CA,1,4,Recycle,2,75,S,WINERY
10556,1197.36,CA,1,4,Recycle,2,75,S,WINERY
10556,1197.36,CA,1,4,Recycle,1,75,S,WINERY
10556,1197.36,CA,3,0.48,Recycle,1,0,S,WINERY
10556,1197.36,CA,1,0.48,Recycle,1,73.41,S,WINERY
10558,2327.97,CA,1,4,Garbage,3,2252.97,Y,GROCERY
10558,2327.97,CA,1,4,Garbage,3,2252.97,Y,GROCERY
10558,2327.97,CA,1,4,Garbage,3,2252.97,Y,GROCERY
10558,2327.97,CA,3,0.48,Recycle,1,0,Y,GROCERY
10558,2327.97,CA,2,0.32,Compost,3,0,Y,GROCERY
10558,2327.97,CA,2,0.32,Compost,3,0,Y,GROCERY
10558,2327.97,CA,2,0.32,Compost,3,0,Y,GROCERY
10558,2327.97,CA,1,6,Recycle,3,75,Y,GROCERY
10558,2327.97,CA,1,6,Recycle,3,75,Y,GROCERY
10558,2327.97,CA,1,6,Recycle,3,75,Y,GROCERY
10561,1861.82,CA,1,4,Garbage,2,1580.3,Y,MULTIFAMIL
10561,1861.82,CA,1,4,Garbage,2,1580.3,Y,MULTIFAMIL
10561,1861.82,CA,9,0.48,Recycle,1,0,Y,MULTIFAMIL
10561,1861.82,CA,8,0.48,Compost,1,0,Y,MULTIFAMIL
10561,1861.82,CA,1,0.48,Compost,1,68.84,Y,MULTIFAMIL
10561,1861.82,CA,1,0.48,Compost,1,68.84,Y,MULTIFAMIL
10561,1861.82,CA,1,0.48,Compost,1,68.84,Y,MULTIFAMIL
10561,1861.82,CA,1,4,Recycle,1,75,Y,MULTIFAMIL
10579,171.28,MA,1,0.48,Garbage,1,97.87,S,MEMBER
10579,171.28,MA,1,0.48,Recycle,1,0,S,MEMBER
10579,171.28,MA,1,0.48,Recycle,1,73.41,S,MEMBER
10613,482.56,CA,1,2,Garbage,1,482.56,COUNTY,CONTRACTOR
10626,438.91,CA,1,2,Garbage,1,363.91,S,HOME IMPRO
10626,438.91,CA,1,4,Recycle,2,75,S,HOME IMPRO
10626,438.91,CA,1,4,Recycle,2,75,S,HOME IMPRO
10628,515.46,CA,1,2,Garbage,1,439.46,C,MEDICAL
10628,515.46,CA,1,0.48,Recycle,1,0,C,MEDICAL
10628,515.46,CA,1,0.48,Recycle,1,0,C,MEDICAL
10628,515.46,CA,1,0.48,Recycle,1,0,C,MEDICAL
10628,515.46,CA,1,0.48,Compost,1,0,C,MEDICAL
10628,515.46,CA,1,0.48,Recycle,1,76,C,MEDICAL
10638,413.91,CA,1,2,Garbage,1,363.91,S,OFFICE BLD
10638,413.91,CA,1,PU,"",1,50,S,OFFICE BLD
10638,413.91,CA,3,0.48,Recycle,1,0,S,OFFICE BLD
10642,363.91,CA,1,2,Garbage,1,363.91,S,LODGING
10642,363.91,CA,2,0.48,Recycle,1,0,S,LODGING
10648,1788.94,CA,1,0.48,Recycle,1,0,COUNTY,WINERY
10648,1788.94,CA,1,0.48,Recycle,1,0,COUNTY,WINERY
10648,1788.94,CA,1,0.48,Recycle,1,0,COUNTY,WINERY
10648,1788.94,CA,1,2,Garbage,2,1121.13,COUNTY,WINERY
10648,1788.94,CA,1,2,Garbage,2,1121.13,COUNTY,WINERY
10648,1788.94,CA,1,4,Recycle,1,667.81,COUNTY,WINERY
10648,1788.94,CA,1,0.32,Compost,1,0,COUNTY,WINERY
10669,233.06,CA,2,0.32,Garbage,1,116.53,COUNTY,WINERY
10669,233.06,CA,1,0.48,Recycle,1,0,COUNTY,WINERY
10730,1856.1,CA,1,4,Garbage,2,1706.1,COUNTY,WINERY
10730,1856.1,CA,1,4,Garbage,2,1706.1,COUNTY,WINERY
10730,1856.1,CA,1,0.48,Recycle,1,0,COUNTY,WINERY
10730,1856.1,CA,1,0.48,Recycle,1,0,COUNTY,WINERY
10730,1856.1,CA,1,4,Recycle,1,75,COUNTY,WINERY
10730,1856.1,CA,1,4,Recycle,1,75,COUNTY,WINERY
10771,1040.4,CA,1,4,Garbage,1,890.4,COUNTY,WINERY
10771,1040.4,CA,1,4,Recycle,1,75,COUNTY,WINERY
10771,1040.4,CA,1,4,Recycle,2,75,COUNTY,WINERY
10771,1040.4,CA,1,4,Recycle,2,75,COUNTY,WINERY
10778,32.62,CA,1,0.16,Garbage,1,32.62,S,ENTERTAINM
10778,32.62,CA,1,0.48,Recycle,1,0,S,ENTERTAINM
10791,131.25,CA,1,0.32,Garbage,1,131.25,COUNTY,WINERY
10791,131.25,CA,1,0.48,Recycle,1,0,COUNTY,WINERY
10791,131.25,CA,1,0.48,Compost,1,0,COUNTY,WINERY
10831,503.88,CA,1,2,Garbage,1,363.91,S,OFFICE BLD
10831,503.88,CA,3,0.48,Recycle,1,0,S,OFFICE BLD
10831,503.88,CA,1,0.48,Recycle,1,73.41,S,OFFICE BLD
10831,503.88,CA,1,0.48,Compost,1,0,S,OFFICE BLD
10831,503.88,CA,1,0.48,Compost,1,66.56,S,OFFICE BLD
10870,1040.4,CA,1,4,Garbage,1,890.4,COUNTY,WINERY
10870,1040.4,CA,1,4,Recycle,1,75,COUNTY,WINERY
10870,1040.4,CA,1,6,Recycle,1,75,COUNTY,WINERY
10922,1353.97,CA,1,4,Garbage,2,1278.97,S,OFFICE BLD
10922,1353.97,CA,1,4,Garbage,2,1278.97,S,OFFICE BLD
10922,1353.97,CA,1,0.48,Recycle,1,0,S,OFFICE BLD
10922,1353.97,CA,1,4,Recycle,1,75,S,OFFICE BLD
10924,89.71,CA,1,0.32,Garbage,1,89.71,COUNTY,HOME IMPRO
10924,89.71,CA,1,0.48,Recycle,1,0,COUNTY,HOME IMPRO
10924,89.71,CA,1,0.48,Compost,1,0,COUNTY,HOME IMPRO
10929,134.57,CA,1,0.48,Garbage,1,134.57,COUNTY,WINERY
10929,134.57,CA,1,0.48,Compost,1,0,COUNTY,WINERY
10929,134.57,CA,1,0.48,Recycle,1,0,COUNTY,WINERY
10959,813.49,CA,1,2,Garbage,1,482.56,COUNTY,WINERY
10959,813.49,CA,1,0.48,Recycle,1,0,COUNTY,WINERY
10959,813.49,CA,1,0.48,Recycle,1,0,COUNTY,WINERY
10959,813.49,CA,1,0.48,Recycle,1,0,COUNTY,WINERY
10959,813.49,CA,1,0.48,Recycle,1,100.93,COUNTY,WINERY
10959,813.49,CA,1,0.48,Compost,1,0,COUNTY,WINERY
10959,813.49,CA,1,0.32,Compost,1,0,COUNTY,WINERY
10959,813.49,CA,1,4,Recycle,1,75,COUNTY,WINERY
10959,813.49,CA,1,6,Recycle,1,75,COUNTY,WINERY
10959,813.49,CA,1,OC,"",1,40,COUNTY,WINERY
10959,813.49,CA,1,LU,"",1,40,COUNTY,WINERY
10964,743.93,CA,1,4,Garbage,1,668.93,S,UTILITY
10964,743.93,CA,1,4,Recycle,1,75,S,UTILITY
10964,743.93,CA,1,0.48,Recycle,1,0,S,UTILITY
11025,202.68,CA,6,0.16,Garbage,1,33.78,C,MULTIFAMIL
11025,202.68,CA,1,0.48,Recycle,1,0,C,MULTIFAMIL
11025,202.68,CA,1,0.48,Recycle,1,0,C,MULTIFAMIL
11025,202.68,CA,1,0.48,Recycle,1,0,C,MULTIFAMIL
11025,202.68,CA,1,0.48,Recycle,1,0,C,MULTIFAMIL
11025,202.68,CA,1,0.48,Compost,1,0,C,MULTIFAMIL
11049,2032.03,CA,1,4,Garbage,2,1706.1,COUNTY,WINERY
11049,2032.03,CA,1,4,Garbage,2,1706.1,COUNTY,WINERY
11049,2032.03,CA,1,0.48,Recycle,1,0,COUNTY,WINERY
11049,2032.03,CA,1,0.48,Recycle,1,0,COUNTY,WINERY
11049,2032.03,CA,1,0.48,Recycle,1,0,COUNTY,WINERY
11049,2032.03,CA,1,0.48,Recycle,1,100.93,COUNTY,WINERY
11049,2032.03,CA,1,4,Recycle,2,150,COUNTY,WINERY
11049,2032.03,CA,1,4,Recycle,2,150,COUNTY,WINERY
11049,2032.03,CA,1,4,Recycle,3,75,COUNTY,WINERY
11049,2032.03,CA,1,4,Recycle,3,75,COUNTY,WINERY
11049,2032.03,CA,1,4,Recycle,3,75,COUNTY,WINERY
11086,482.56,CA,1,2,Garbage,1,482.56,COUNTY,VINEYARD
11086,482.56,CA,1,0.48,Recycle,1,0,COUNTY,VINEYARD
11086,482.56,CA,1,0.48,Compost,1,0,COUNTY,VINEYARD
11110,103.93,CA,1,0.48,Garbage,1,103.93,C,MEDICAL
11110,103.93,CA,1,0.48,Compost,1,0,C,MEDICAL
11132,168.9,CA,5,0.16,Garbage,1,33.78,C,MULTIFAMIL
11132,168.9,CA,1,0.48,Compost,1,0,C,MULTIFAMIL
11132,168.9,CA,1,0.48,Compost,1,0,C,MULTIFAMIL
11132,168.9,CA,1,0.48,Compost,1,0,C,MULTIFAMIL
11132,168.9,CA,1,0.48,Compost,1,0,C,MULTIFAMIL
11132,168.9,CA,1,0.48,Recycle,1,0,C,MULTIFAMIL
11132,168.9,CA,1,0.48,Recycle,1,0,C,MULTIFAMIL
11132,168.9,CA,1,0.48,Recycle,1,0,C,MULTIFAMIL
11132,168.9,CA,1,0.48,Recycle,1,0,C,MULTIFAMIL
11132,168.9,CA,1,0.48,Recycle,1,0,C,MULTIFAMIL
11132,168.9,CA,1,0.48,Compost,1,0,C,MULTIFAMIL
11147,7995.2,CA,190,0.16,Garbage,1,33.78,C,MOBILEHOME
11147,7995.2,CA,190,0.48,Recycle,1,7.5,C,MOBILEHOME
11147,7995.2,CA,1,0.48,Recycle,1,76,C,MOBILEHOME
11147,7995.2,CA,1,0.48,Recycle,1,76,C,MOBILEHOME
11147,7995.2,CA,190,0.48,Compost,1,0,C,MOBILEHOME
11157,32.62,CA,1,0.16,Garbage,1,32.62,S,RETAIL
11162,1723.97,CA,1,2,Garbage,2,1447.11,COUNTY,WINERY
11162,1723.97,CA,1,2,Garbage,2,1447.11,COUNTY,WINERY
11162,1723.97,CA,1,4,Recycle,1,75,COUNTY,WINERY
11162,1723.97,CA,1,0.48,Recycle,1,0,COUNTY,WINERY
11162,1723.97,CA,1,0.48,Recycle,1,0,COUNTY,WINERY
11162,1723.97,CA,1,0.48,Recycle,1,0,COUNTY,WINERY
11162,1723.97,CA,2,0.48,Recycle,1,100.93,COUNTY,WINERY
11162,1723.97,CA,1,0.32,Compost,1,0,COUNTY,WINERY
11174,890.4,CA,1,4,Garbage,1,890.4,COUNTY,WINERY
11174,890.4,CA,3,0.48,Recycle,1,0,COUNTY,WINERY
11174,890.4,CA,1,0.48,Compost,1,0,COUNTY,WINERY
11174,890.4,CA,1,2,"",0,0,COUNTY,WINERY
11174,890.4,CA,1,0.32,Compost,1,0,COUNTY,WINERY
11224,103.92,CA,1,0.16,Garbage,1,34.64,C,MULTIFAMIL
11224,103.92,CA,1,0.16,Garbage,1,34.64,C,MULTIFAMIL
11224,103.92,CA,1,0.16,Garbage,1,34.64,C,MULTIFAMIL
11224,103.92,CA,1,0.48,Recycle,1,0,C,MULTIFAMIL
11224,103.92,CA,1,0.48,Recycle,1,0,C,MULTIFAMIL
11224,103.92,CA,1,0.48,Recycle,1,0,C,MULTIFAMIL
11224,103.92,CA,1,0.48,Compost,1,0,C,MULTIFAMIL
11255,1048.95,CA,1,6,Garbage,1,973.95,S,SCHOOL
11255,1048.95,CA,1,0.48,Compost,1,0,S,SCHOOL
11255,1048.95,CA,1,4,Recycle,1,75,S,SCHOOL
11256,146.82,CA,1,0.48,Recycle,1,0,S,SCHOOL
11256,146.82,CA,1,0.48,Recycle,1,0,S,SCHOOL
11256,146.82,CA,1,0.48,Recycle,1,0,S,SCHOOL
11256,146.82,CA,2,0.48,Recycle,1,73.41,S,SCHOOL
11256,146.82,CA,1,6,"",1,0,S,SCHOOL
11256,146.82,CA,3,0.48,Compost,1,0,S,SCHOOL
11256,146.82,CA,4,0.32,Compost,2,0,S,SCHOOL
11256,146.82,CA,4,0.32,Compost,2,0,S,SCHOOL
11282,97.87,CA,1,0.48,Garbage,1,97.87,S,COMMUNITY
11282,97.87,CA,1,0.48,Recycle,1,0,S,COMMUNITY
11282,97.87,CA,1,0.48,Compost,1,0,S,COMMUNITY
11282,97.87,CA,1,0.32,Compost,1,0,S,COMMUNITY
11302,1481.22,CA,1,4,Garbage,1,668.93,S,WINERY
11302,1481.22,CA,1,6,Compost,1,662.29,S,WINERY
11302,1481.22,CA,3,0.48,Recycle,1,0,S,WINERY
11302,1481.22,CA,1,0.48,Compost,1,0,S,WINERY
11302,1481.22,CA,1,4,Recycle,1,75,S,WINERY
11302,1481.22,CA,1,4,Recycle,1,75,S,WINERY
11309,3698.56,CA,1,4,Garbage,1,1252.72,COUNTY,WINERY
11309,3698.56,CA,1,PU,"",1,50,COUNTY,WINERY
11309,3698.56,CA,1,6,Recycle,1,1381.3,COUNTY,WINERY
11309,3698.56,CA,1,4,Recycle,1,939.54,COUNTY,WINERY
11309,3698.56,CA,1,6,Recycle,2,75,COUNTY,WINERY
11309,3698.56,CA,1,6,Recycle,2,75,COUNTY,WINERY
11342,435.94,CA,1,2,Garbage,1,435.94,Y,BAR NO FW
11349,365.88,CA,1,0.48,Garbage,1,182.94,COUNTY,PARK
11349,365.88,CA,1,0.48,Garbage,1,182.94,COUNTY,PARK
11349,365.88,CA,1,0.48,Recycle,1,0,COUNTY,PARK
11349,365.88,CA,1,0.48,Recycle,1,0,COUNTY,PARK
11370,2266.06,CA,1,6,Garbage,1,1298.25,COUNTY,WINERY
11370,2266.06,CA,1,0.48,Compost,1,0,COUNTY,WINERY
11370,2266.06,CA,1,0.48,Recycle,1,0,COUNTY,WINERY
11370,2266.06,CA,1,0.48,Recycle,1,0,COUNTY,WINERY
11370,2266.06,CA,1,4,Recycle,1,667.81,COUNTY,WINERY
11370,2266.06,CA,1,0.48,Recycle,1,0,COUNTY,WINERY
11370,2266.06,CA,1,4,Recycle,2,75,COUNTY,WINERY
11370,2266.06,CA,1,4,Recycle,2,75,COUNTY,WINERY
11370,2266.06,CA,1,6,Recycle,2,75,COUNTY,WINERY
11370,2266.06,CA,1,6,Recycle,2,75,COUNTY,WINERY
11370,2266.06,CA,1,4,Recycle,2,150,COUNTY,WINERY
11370,2266.06,CA,1,4,Recycle,2,150,COUNTY,WINERY
11402,2139.51,CA,1,6,Garbage,1,1188.51,C,LODGING-FW
11402,2139.51,CA,1,OC,"",1,40,C,LODGING-FW
11402,2139.51,CA,1,6,Recycle,2,75,C,LODGING-FW
11402,2139.51,CA,1,6,Recycle,2,75,C,LODGING-FW
11402,2139.51,CA,3,0.48,Recycle,1,0,C,LODGING-FW
11402,2139.51,CA,1,0.48,Recycle,1,76,C,LODGING-FW
11402,2139.51,CA,3,0.48,Recycle,1,76,C,LODGING-FW
11402,2139.51,CA,1,0.48,Recycle,1,76,C,LODGING-FW
11402,2139.51,CA,6,0.48,Recycle,1,76,C,LODGING-FW
11402,2139.51,CA,2,0.48,Compost,1,0,C,LODGING-FW
11402,2139.51,CA,4,0.32,Compost,3,0,C,LODGING-FW
11402,2139.51,CA,4,0.32,Compost,3,0,C,LODGING-FW
11402,2139.51,CA,4,0.32,Compost,3,0,C,LODGING-FW
11436,892.19,CA,1,4,Compost,1,454.87,S,WINERY
11436,892.19,CA,1,2,Garbage,1,363.91,S,WINERY
11436,892.19,CA,3,0.48,Recycle,1,0,S,WINERY
11436,892.19,CA,1,0.48,Recycle,1,73.41,S,WINERY
11436,892.19,CA,1,0.48,Compost,1,0,S,WINERY
11451,862.31,CA,1,4,Garbage,1,793.4,C,MULTIFAMIL
11451,862.31,CA,1,0.48,Recycle,1,0,C,MULTIFAMIL
11451,862.31,CA,1,0.48,Recycle,1,0,C,MULTIFAMIL
11451,862.31,CA,1,0.48,Compost,1,0,C,MULTIFAMIL
11451,862.31,CA,1,0.48,Compost,1,68.91,C,MULTIFAMIL
11457,363.91,CA,1,2,Garbage,1,363.91,S,RETAIL
11457,363.91,CA,2,0.48,Recycle,1,0,S,RETAIL
11474,32.62,CA,1,0.16,Garbage,1,32.62,S,COMMUNITY
11474,32.62,CA,1,0.48,Recycle,1,0,S,COMMUNITY
11483,3450.26,CA,1,4,Garbage,2,2167.57,COUNTY,WINERY
11483,3450.26,CA,1,4,Garbage,2,2167.57,COUNTY,WINERY
11483,3450.26,CA,1,0.48,Recycle,1,0,COUNTY,WINERY
11483,3450.26,CA,1,0.48,Recycle,1,0,COUNTY,WINERY
11483,3450.26,CA,1,4,Recycle,1,840.85,COUNTY,WINERY
11483,3450.26,CA,3,0.32,Compost,1,72.28,COUNTY,WINERY
11483,3450.26,CA,1,4,Recycle,2,150,COUNTY,WINERY
11483,3450.26,CA,1,4,Recycle,2,150,COUNTY,WINERY
11483,3450.26,CA,1,4,Recycle,1,75,COUNTY,WINERY
11512,163.1,CA,5,0.16,Garbage,1,32.62,S,MULTIFAMIL
11512,163.1,CA,2,0.48,Recycle,1,0,S,MULTIFAMIL
11512,163.1,CA,1,0.48,Compost,1,0,S,MULTIFAMIL
11513,965.4,CA,1,4,Garbage,1,890.4,COUNTY,WINERY
11513,965.4,CA,1,0.48,Recycle,1,0,COUNTY,WINERY
11513,965.4,CA,1,0.48,Recycle,1,0,COUNTY,WINERY
11513,965.4,CA,1,0.48,Recycle,1,0,COUNTY,WINERY
11513,965.4,CA,1,6,Recycle,1,75,COUNTY,WINERY
11513,965.4,CA,1,0.48,Compost,1,0,COUNTY,WINERY
11522,540.19,CA,1,2,Garbage,1,540.19,COUNTY,WINERY
11522,540.19,CA,1,0.48,Recycle,1,0,COUNTY,WINERY
11522,540.19,CA,1,0.48,Recycle,1,0,COUNTY,WINERY
11522,540.19,CA,1,0.48,Recycle,1,0,COUNTY,WINERY
11529,363.91,CA,1,2,Garbage,1,363.91,S,WINERY
11529,363.91,CA,1,0.48,Recycle,1,0,S,WINERY
11529,363.91,CA,1,0.48,Recycle,1,0,S,WINERY
11529,363.91,CA,1,0.48,Recycle,1,0,S,WINERY
11531,1308,MA,1,2,Garbage,1,435.94,Y,MEMBER
11531,1308,MA,1,6,Recycle,1,872.06,Y,MEMBER
11536,293.71,CA,1,0.48,Garbage,1,218.71,COUNTY,WINERY
11536,293.71,CA,3,0.48,Recycle,1,0,COUNTY,WINERY
11536,293.71,CA,1,4,Recycle,1,75,COUNTY,WINERY
11554,2671.79,CA,1,6,Garbage,2,2521.79,COUNTY,RESTAURANT
11554,2671.79,CA,1,6,Garbage,2,2521.79,COUNTY,RESTAURANT
11554,2671.79,CA,3,0.48,Recycle,1,0,COUNTY,RESTAURANT
11554,2671.79,CA,5,0.48,Compost,1,0,COUNTY,RESTAURANT
11554,2671.79,CA,1,0.48,Compost,1,0,COUNTY,RESTAURANT
11554,2671.79,CA,1,0.48,Compost,1,0,COUNTY,RESTAURANT
11554,2671.79,CA,4,0.32,Compost,3,0,COUNTY,RESTAURANT
11554,2671.79,CA,4,0.32,Compost,3,0,COUNTY,RESTAURANT
11554,2671.79,CA,4,0.32,Compost,3,0,COUNTY,RESTAURANT
11554,2671.79,CA,1,4,Recycle,1,75,COUNTY,RESTAURANT
11554,2671.79,CA,1,6,Recycle,3,75,COUNTY,RESTAURANT
11554,2671.79,CA,1,6,Recycle,3,75,COUNTY,RESTAURANT
11554,2671.79,CA,1,6,Recycle,3,75,COUNTY,RESTAURANT
11563,33.75,CA,1,0.16,Garbage,1,33.75,Y,HOA
11563,33.75,CA,1,0.48,Recycle,1,0,Y,HOA
11565,363.91,CA,1,2,Garbage,1,363.91,S,LANDSCAPER
11567,0,CA,1,3.5,Garbage,1,0,COUNTY,WINERY
11567,0,CA,3,0.48,Recycle,1,0,COUNTY,WINERY
11567,0,CA,1,3.5,Recycle,1,0,COUNTY,WINERY
11570,269.13,CA,1,0.32,Garbage,1,89.71,COUNTY,WINERY
11570,269.13,CA,1,0.48,Recycle,1,0,COUNTY,WINERY
11570,269.13,CA,1,0.48,Compost,1,0,COUNTY,WINERY
11570,269.13,CA,1,0.32,Garbage,1,89.71,COUNTY,WINERY
11570,269.13,CA,1,0.32,Garbage,1,89.71,COUNTY,WINERY
11570,269.13,CA,1,0.48,Recycle,1,0,COUNTY,WINERY
11570,269.13,CA,1,0.48,Recycle,1,0,COUNTY,WINERY
11607,284.84,CA,2,0.48,Garbage,1,142.42,Y,FOURPLEX
11607,284.84,CA,1,0.48,Recycle,1,0,Y,FOURPLEX
11607,284.84,CA,1,0.48,Recycle,1,0,Y,FOURPLEX
11607,284.84,CA,1,0.48,Compost,1,0,Y,FOURPLEX
11643,617.13,CA,1,2,Garbage,1,482.56,COUNTY,OFFICE BLD
11643,617.13,CA,1,0.48,Garbage,1,134.57,COUNTY,OFFICE BLD
11643,617.13,CA,1,0.48,Recycle,1,0,COUNTY,OFFICE BLD
11643,617.13,CA,1,0.48,Compost,1,0,COUNTY,OFFICE BLD
11664,2116.06,CA,1,6,Garbage,1,1298.25,COUNTY,WINERY
11664,2116.06,CA,1,4,Recycle,1,667.81,COUNTY,WINERY
11664,2116.06,CA,1,4,Recycle,1,75,COUNTY,WINERY
11664,2116.06,CA,1,4,Recycle,3,75,COUNTY,WINERY
11664,2116.06,CA,1,4,Recycle,3,75,COUNTY,WINERY
11664,2116.06,CA,1,4,Recycle,3,75,COUNTY,WINERY
11689,32.62,CA,1,0.16,Garbage,1,32.62,S,OFFICE BLD
11689,32.62,CA,1,0.48,Recycle,1,0,S,OFFICE BLD
11723,1040.4,CA,1,2,"",0,0,COUNTY,WINERY
11723,1040.4,CA,1,4,Garbage,1,890.4,COUNTY,WINERY
11723,1040.4,CA,1,4,Recycle,1,75,COUNTY,WINERY
11723,1040.4,CA,1,4,Recycle,1,75,COUNTY,WINERY
11728,134.57,CA,1,0.48,Garbage,1,134.57,COUNTY,OFFICE BLD
11728,134.57,CA,1,0.48,Recycle,1,0,COUNTY,OFFICE BLD
11731,130.5,CA,1,0.32,Garbage,2,130.5,S,RETAIL
11731,130.5,CA,1,0.32,Garbage,2,130.5,S,RETAIL
11731,130.5,CA,1,0.48,Recycle,1,0,S,RETAIL
11739,1121.14,CA,1,4,Garbage,1,1121.14,COUNTY,VINEYARD
11750,195.74,CA,2,0.48,Compost,1,0,S,CHURCH
11750,195.74,CA,2,0.48,Recycle,1,0,S,CHURCH
11750,195.74,CA,2,0.48,Garbage,1,97.87,S,CHURCH
11760,4606.93,CA,3,6,Garbage,1,1188.51,C,LODGING
11760,4606.93,CA,1,6,Recycle,1,891.4,C,LODGING
11760,4606.93,CA,2,6,Recycle,2,75,C,LODGING
11760,4606.93,CA,2,6,Recycle,2,75,C,LODGING
11766,3884.06,CA,1,4,Recycle,2,1172.3,C,RESTAURANT
11766,3884.06,CA,1,4,Recycle,2,1172.3,C,RESTAURANT
11766,3884.06,CA,1,4,Garbage,3,3372.39,C,RESTAURANT
11766,3884.06,CA,1,4,Garbage,3,3372.39,C,RESTAURANT
11766,3884.06,CA,1,4,Garbage,3,3372.39,C,RESTAURANT
11766,3884.06,CA,1,4,Recycle,3,75,C,RESTAURANT
11766,3884.06,CA,1,4,Recycle,3,75,C,RESTAURANT
11766,3884.06,CA,1,4,Recycle,3,75,C,RESTAURANT
11788,1158.56,CA,1,6,Garbage,1,1158.56,C,MULTIFAMIL
11788,1158.56,CA,1,0.48,Recycle,1,0,C,MULTIFAMIL
11788,1158.56,CA,1,0.48,Recycle,1,0,C,MULTIFAMIL
11788,1158.56,CA,1,0.48,Recycle,1,0,C,MULTIFAMIL
11788,1158.56,CA,1,0.48,Compost,1,0,C,MULTIFAMIL
11806,793.4,CA,1,4,Garbage,1,793.4,C,MULTIFAMIL
11807,557.56,CA,2,0.48,Recycle,1,0,COUNTY,WINERY
11807,557.56,CA,1,2,Garbage,1,482.56,COUNTY,WINERY
11807,557.56,CA,1,4,Recycle,1,75,COUNTY,WINERY
11808,97.87,CA,1,0.48,Garbage,1,97.87,S,OFFICE BLD
11808,97.87,CA,1,0.48,Recycle,1,0,S,OFFICE BLD
11841,1522.1,CA,1,4,Garbage,1,1447.1,COUNTY,WINERY
11841,1522.1,CA,1,TR,"",1,75,COUNTY,WINERY
11841,1522.1,CA,1,4,"",1,0,COUNTY,WINERY
11850,195.74,CA,2,0.48,Garbage,1,97.87,S,CHURCH
11850,195.74,CA,1,0.48,Compost,1,0,S,CHURCH
11850,195.74,CA,1,0.48,Recycle,1,0,S,CHURCH
11852,32.62,CA,1,0.16,Garbage,1,32.62,S,MULTIFAMIL
11852,32.62,CA,1,0.48,Recycle,1,0,S,MULTIFAMIL
11852,32.62,CA,1,0.48,Compost,1,0,S,MULTIFAMIL
11861,1150.37,CA,1,2,Garbage,1,482.56,COUNTY,WINERY
11861,1150.37,CA,1,4,Recycle,1,667.81,COUNTY,WINERY
11861,1150.37,CA,1,0.48,Compost,1,0,COUNTY,WINERY
11870,97.87,CA,1,0.48,Garbage,1,97.87,S,WINERY
11870,97.87,CA,1,0.48,Recycle,1,0,S,WINERY
11890,97.87,CA,1,0.48,Garbage,1,97.87,S,RETAIL
11890,97.87,CA,1,0.48,Recycle,1,0,S,RETAIL
11911,318.1,CA,1,0.48,Recycle,1,0,S,RESTAURANT
11911,318.1,CA,1,0.48,Recycle,1,73.41,S,RESTAURANT
11911,318.1,CA,1,0.48,Garbage,1,97.87,S,RESTAURANT
11911,318.1,CA,1,0.48,Recycle,1,73.41,S,RESTAURANT
11911,318.1,CA,1,0.48,Recycle,1,73.41,S,RESTAURANT
11911,318.1,CA,2,0.32,Compost,3,0,S,RESTAURANT
11911,318.1,CA,2,0.32,Compost,3,0,S,RESTAURANT
11911,318.1,CA,2,0.32,Compost,3,0,S,RESTAURANT
11920,2596.5,CA,1,6,Garbage,1,1298.25,COUNTY,MEDICAL
11920,2596.5,CA,1,6,Garbage,1,1298.25,COUNTY,MEDICAL
11920,2596.5,CA,1,0.48,Recycle,1,0,COUNTY,MEDICAL
11920,2596.5,CA,1,0.48,Recycle,1,0,COUNTY,MEDICAL
11920,2596.5,CA,1,0.48,Recycle,1,0,COUNTY,MEDICAL
11920,2596.5,CA,1,0.48,Recycle,1,0,COUNTY,MEDICAL
11920,2596.5,CA,1,0.48,Recycle,1,0,COUNTY,MEDICAL
11920,2596.5,CA,1,0.48,Recycle,1,0,COUNTY,MEDICAL
11920,2596.5,CA,1,0.48,Recycle,1,0,COUNTY,MEDICAL
11920,2596.5,CA,1,0.48,Recycle,1,0,COUNTY,MEDICAL
11931,0,CA,1,2,"",0,0,COUNTY,WINERY
11956,65.25,CA,1,0.32,Garbage,1,65.25,S,RETAIL
11956,65.25,CA,1,0.48,Recycle,1,0,S,RETAIL
11972,2348.22,CA,1,4,Garbage,1,799.35,Y,HOA
11972,2348.22,CA,1,4,Garbage,1,799.35,Y,HOA
11972,2348.22,CA,2,PU,"",1,50,Y,HOA
11972,2348.22,CA,1,4,Recycle,1,751.37,Y,HOA
11972,2348.22,CA,1,PU,"",1,50,Y,HOA
11994,506.7,CA,5,0.48,Garbage,1,101.34,C,MULTIFAMIL
11994,506.7,CA,2,0.48,Recycle,1,0,C,MULTIFAMIL
11994,506.7,CA,1,0.48,Recycle,1,0,C,MULTIFAMIL
11994,506.7,CA,1,0.48,Recycle,1,0,C,MULTIFAMIL
11994,506.7,CA,1,0.48,Compost,1,0,C,MULTIFAMIL
12074,103.93,CA,1,0.48,Garbage,1,103.93,C,UTILITY
12074,103.93,CA,1,0.48,Recycle,1,0,C,UTILITY
12074,103.93,CA,1,0.48,Compost,1,0,C,UTILITY
12099,97.87,CA,1,0.48,Garbage,1,97.87,S,DELI/CAFE
12099,97.87,CA,1,0.48,Recycle,1,0,S,DELI/CAFE
12171,743.93,CA,1,4,Garbage,1,668.93,S,CATERING
12171,743.93,CA,1,0.48,Recycle,1,0,S,CATERING
12171,743.93,CA,1,0.48,Recycle,1,0,S,CATERING
12171,743.93,CA,4,0.32,Compost,3,0,S,CATERING
12171,743.93,CA,4,0.32,Compost,3,0,S,CATERING
12171,743.93,CA,4,0.32,Compost,3,0,S,CATERING
12171,743.93,CA,1,0.48,Recycle,1,0,S,CATERING
12171,743.93,CA,1,6,Recycle,4,75,S,CATERING
12171,743.93,CA,1,6,Recycle,4,75,S,CATERING
12171,743.93,CA,1,6,Recycle,4,75,S,CATERING
12171,743.93,CA,1,6,Recycle,4,75,S,CATERING
12188,2011.34,CA,1,4,Garbage,1,1005.67,COUNTY,MEMBER
12188,2011.34,CA,1,0.48,Recycle,1,0,COUNTY,MEMBER
12188,2011.34,CA,1,4,Garbage,1,1005.67,COUNTY,MEMBER
12188,2011.34,CA,1,0.48,Recycle,1,0,COUNTY,MEMBER
12227,3129.38,CA,1,4,Garbage,2,1706.1,COUNTY,WINERY
12227,3129.38,CA,1,4,Garbage,2,1706.1,COUNTY,WINERY
12227,3129.38,CA,1,PU,"",2,100,COUNTY,WINERY
12227,3129.38,CA,1,PU,"",2,100,COUNTY,WINERY
12227,3129.38,CA,1,4,Compost,1,605.47,COUNTY,WINERY
12227,3129.38,CA,1,4,Recycle,1,667.81,COUNTY,WINERY
12227,3129.38,CA,1,PU,"",1,50,COUNTY,WINERY
12227,3129.38,CA,2,0.32,Compost,2,0,COUNTY,WINERY
12227,3129.38,CA,2,0.32,Compost,2,0,COUNTY,WINERY
12263,139.98,CA,1,0.48,Garbage,1,139.98,S,CHURCH
12270,605.47,CA,1,4,Compost,1,605.47,COUNTY,WINERY
12270,605.47,CA,3,0.48,Recycle,1,0,COUNTY,WINERY
12276,134.57,CA,1,0.48,Garbage,1,134.57,COUNTY,VINEYARD
12276,134.57,CA,1,0.48,Recycle,1,0,COUNTY,VINEYARD
12317,1532.6,CA,1,4,Garbage,1,822.1,C,MULTIFAMIL
12317,1532.6,CA,1,4,Recycle,1,610.5,C,MULTIFAMIL
12317,1532.6,CA,1,PU,"",2,100,C,MULTIFAMIL
12317,1532.6,CA,1,PU,"",2,100,C,MULTIFAMIL
12347,482.56,CA,1,2,Garbage,1,482.56,COUNTY,VINEYARD
12347,482.56,CA,1,0.48,Recycle,1,0,COUNTY,VINEYARD
12347,482.56,CA,1,0.48,Compost,1,0,COUNTY,VINEYARD
12359,1460.92,CA,1,6,Recycle,1,730.46,S,WINERY
12359,1460.92,CA,1,6,Recycle,1,730.46,S,WINERY
12359,1460.92,CA,1,0.32,Compost,1,0,S,WINERY
12379,34.64,CA,1,0.16,Garbage,1,34.64,C,RETAIL
12379,34.64,CA,1,0.48,Recycle,1,0,C,RETAIL
12383,33.75,CA,1,0.16,Garbage,1,33.75,Y,WINERY
12383,33.75,CA,1,0.48,Recycle,1,0,Y,WINERY
12413,417.56,CA,2,0.48,Garbage,1,97.87,S,WINERY
12413,417.56,CA,2,0.48,Recycle,1,0,S,WINERY
12413,417.56,CA,2,0.48,Recycle,1,73.41,S,WINERY
12413,417.56,CA,1,0.48,Compost,1,0,S,WINERY
12413,417.56,CA,1,4,Recycle,1,75,S,WINERY
12415,2271.94,CA,1,6,Garbage,1,1298.25,COUNTY,WINERY
12415,2271.94,CA,1,6,Recycle,1,973.69,COUNTY,WINERY
12446,134.57,CA,1,0.48,Garbage,1,134.57,COUNTY,WINERY
12446,134.57,CA,1,0.48,Recycle,1,0,COUNTY,WINERY
12446,134.57,CA,1,0.48,Compost,1,0,COUNTY,WINERY
12469,1558.21,CA,1,4,Garbage,1,890.4,COUNTY,WINERY
12469,1558.21,CA,1,0.32,Compost,1,0,COUNTY,WINERY
12469,1558.21,CA,1,4,Recycle,1,667.81,COUNTY,WINERY
12470,482.56,CA,1,2,Garbage,1,482.56,COUNTY,POLICEFIRE
12470,482.56,CA,2,0.48,Recycle,1,0,COUNTY,POLICEFIRE
12520,415.72,MA,4,0.48,Garbage,1,103.93,C,MEMBER
12520,415.72,MA,4,0.48,Recycle,1,0,C,MEMBER
12522,44.86,CA,1,0.16,Garbage,1,44.86,COUNTY,CONTRACTOR
12522,44.86,CA,1,0.48,Recycle,1,0,COUNTY,CONTRACTOR
12731,34.64,CA,1,0.16,Garbage,1,34.64,C,OFFICE BLD
12731,34.64,CA,1,0.48,Recycle,1,0,C,OFFICE BLD
12740,67.49,CA,1,0.32,Garbage,1,67.49,Y,OFFICE BLD
12740,67.49,CA,1,0.48,Recycle,1,0,Y,OFFICE BLD
12740,67.49,CA,1,0.48,Compost,1,0,Y,OFFICE BLD
12752,89.71,CA,1,0.32,Garbage,1,89.71,COUNTY,COMMUNITY
12752,89.71,CA,1,0.48,Recycle,1,0,COUNTY,COMMUNITY
12752,89.71,CA,1,0.48,Compost,1,0,COUNTY,COMMUNITY
12848,134.57,CA,1,0.32,Garbage,1,89.71,COUNTY,WINERY
12848,134.57,CA,1,0.16,Garbage,1,44.86,COUNTY,WINERY
12848,134.57,CA,2,0.48,Recycle,1,0,COUNTY,WINERY
12848,134.57,CA,1,0.48,Compost,1,0,COUNTY,WINERY
12917,810.72,CA,8,0.48,Garbage,1,101.34,C,MULTIFAMIL
12917,810.72,CA,5,0.48,Recycle,1,0,C,MULTIFAMIL
12917,810.72,CA,1,0.48,Compost,1,0,C,MULTIFAMIL
12917,810.72,CA,1,0.48,Compost,1,0,C,MULTIFAMIL
12917,810.72,CA,1,0.48,Compost,1,0,C,MULTIFAMIL
12929,3553.81,CA,1,4,Garbage,3,2334.18,Y,LODGING-FW
12929,3553.81,CA,1,4,Garbage,3,2334.18,Y,LODGING-FW
12929,3553.81,CA,1,4,Garbage,3,2334.18,Y,LODGING-FW
12929,3553.81,CA,1,4,Recycle,2,1144.63,Y,LODGING-FW
12929,3553.81,CA,1,4,Recycle,2,1144.63,Y,LODGING-FW
12929,3553.81,CA,2,0.32,Compost,3,0,Y,LODGING-FW
12929,3553.81,CA,2,0.32,Compost,3,0,Y,LODGING-FW
12929,3553.81,CA,2,0.32,Compost,3,0,Y,LODGING-FW
12929,3553.81,CA,1,4,Recycle,1,75,Y,LODGING-FW
13041,166.73,CA,1,0.32,Garbage,1,93.32,S,OFFICE BLD
13041,166.73,CA,2,0.48,Recycle,1,0,S,OFFICE BLD
13041,166.73,CA,1,0.48,Compost,1,0,S,OFFICE BLD
13041,166.73,CA,1,0.48,Recycle,1,73.41,S,OFFICE BLD
13041,166.73,CA,1,0.32,Compost,1,0,S,OFFICE BLD
13066,44.86,CA,1,0.16,Garbage,1,44.86,COUNTY,OFFICE BLD
13066,44.86,CA,1,0.48,Recycle,1,0,COUNTY,OFFICE BLD
13066,44.86,CA,1,0.48,Compost,1,0,COUNTY,OFFICE BLD
13130,269.14,CA,1,0.48,Garbage,1,134.57,COUNTY,MULTIFAMIL
13130,269.14,CA,1,0.48,Garbage,1,134.57,COUNTY,MULTIFAMIL
13130,269.14,CA,1,0.48,Recycle,1,0,COUNTY,MULTIFAMIL
13130,269.14,CA,1,0.48,Recycle,1,0,COUNTY,MULTIFAMIL
13143,147.96,CA,1,0.16,Garbage,1,47.03,S,VINEYARD
13143,147.96,CA,1,0.48,Recycle,1,0,S,VINEYARD
13143,147.96,CA,1,0.48,Recycle,1,100.93,S,VINEYARD
13144,735.49,CA,1,0.48,Compost,1,0,S,LODGING
13144,735.49,CA,1,2,Garbage,2,668.93,S,LODGING
13144,735.49,CA,1,2,Garbage,2,668.93,S,LODGING
13144,735.49,CA,1,0.48,Compost,1,66.56,S,LODGING
13144,735.49,CA,3,0.48,Recycle,1,0,S,LODGING
13145,3983.89,CA,1,4,Garbage,2,1831.44,S,RESTAURANT
13145,3983.89,CA,1,4,Garbage,2,1831.44,S,RESTAURANT
13145,3983.89,CA,11,0.32,Compost,3,0,S,RESTAURANT
13145,3983.89,CA,11,0.32,Compost,3,0,S,RESTAURANT
13145,3983.89,CA,11,0.32,Compost,3,0,S,RESTAURANT
13145,3983.89,CA,1,4,Recycle,3,1416.76,S,RESTAURANT
13145,3983.89,CA,1,4,Recycle,3,1416.76,S,RESTAURANT
13145,3983.89,CA,1,4,Recycle,3,1416.76,S,RESTAURANT
13145,3983.89,CA,1,4,Recycle,3,75,S,RESTAURANT
13145,3983.89,CA,1,4,Recycle,3,75,S,RESTAURANT
13145,3983.89,CA,1,4,Recycle,3,75,S,RESTAURANT
13145,3983.89,CA,3,0.48,Recycle,1,0,S,RESTAURANT
13145,3983.89,CA,9,0.48,Recycle,1,73.41,S,RESTAURANT
13340,134.57,CA,1,0.48,Garbage,1,134.57,COUNTY,CONTRACTOR
13340,134.57,CA,1,0.48,Recycle,1,0,COUNTY,CONTRACTOR
13431,4095.03,CA,1,6,Garbage,1,1471.14,COUNTY,WINERY
13431,4095.03,CA,1,6,Garbage,1,1298.25,COUNTY,WINERY
13431,4095.03,CA,1,6,Recycle,1,1103.36,COUNTY,WINERY
13431,4095.03,CA,1,4,Recycle,2,75,COUNTY,WINERY
13431,4095.03,CA,1,4,Recycle,2,75,COUNTY,WINERY
13431,4095.03,CA,1,0.32,Compost,1,72.28,COUNTY,WINERY
13452,1966.06,CA,1,6,Garbage,1,1298.25,COUNTY,PARK
13452,1966.06,CA,1,4,Recycle,1,667.81,COUNTY,PARK
13457,303.72,CA,3,0.48,Garbage,1,101.24,Y,OFFICE BLD
13457,303.72,CA,1,0.48,Recycle,1,0,Y,OFFICE BLD
13457,303.72,CA,1,0.48,Recycle,1,0,Y,OFFICE BLD
13457,303.72,CA,1,0.48,Recycle,1,0,Y,OFFICE BLD
13457,303.72,CA,1,0.48,Compost,1,0,Y,OFFICE BLD
13557,6836.26,CA,1,4,Garbage,3,2252.97,Y,RESTAURANT
13557,6836.26,CA,1,4,Garbage,3,2252.97,Y,RESTAURANT
13557,6836.26,CA,1,4,Garbage,3,2252.97,Y,RESTAURANT
13557,6836.26,CA,1,4,Garbage,3,2252.97,Y,RESTAURANT
13557,6836.26,CA,1,4,Garbage,3,2252.97,Y,RESTAURANT
13557,6836.26,CA,1,4,Garbage,3,2252.97,Y,RESTAURANT
13557,6836.26,CA,1,4,Garbage,1,1090.16,Y,RESTAURANT
13557,6836.26,CA,1,4,Garbage,1,1090.16,Y,RESTAURANT
13557,6836.26,CA,2,4,Recycle,4,75,Y,RESTAURANT
13557,6836.26,CA,2,4,Recycle,4,75,Y,RESTAURANT
13557,6836.26,CA,2,4,Recycle,4,75,Y,RESTAURANT
13557,6836.26,CA,2,4,Recycle,4,75,Y,RESTAURANT
13636,130.5,CA,1,0.32,Garbage,1,65.25,S,WINERY
13636,130.5,CA,1,0.48,Recycle,1,0,S,WINERY
13636,130.5,CA,1,0.32,Garbage,1,65.25,S,WINERY
13636,130.5,CA,1,0.48,Recycle,1,0,S,WINERY
13636,130.5,CA,2,0.48,Compost,1,0,S,WINERY
13699,97.87,CA,1,0.48,Garbage,1,97.87,S,RETAIL
13699,97.87,CA,1,0.48,Recycle,1,0,S,RETAIL
13711,1252.72,CA,1,4,Garbage,1,1252.72,COUNTY,VINEYARD
13720,101.24,CA,1,0.48,Garbage,1,101.24,Y,LODGING
13720,101.24,CA,1,0.48,Recycle,1,0,Y,LODGING
13720,101.24,CA,1,0.48,Compost,1,0,Y,LODGING
13735,965.4,CA,1,4,Garbage,1,890.4,COUNTY,WINERY
13735,965.4,CA,1,0.48,Recycle,1,0,COUNTY,WINERY
13735,965.4,CA,1,0.48,Recycle,1,0,COUNTY,WINERY
13735,965.4,CA,1,0.48,Recycle,1,0,COUNTY,WINERY
13735,965.4,CA,1,4,Recycle,1,75,COUNTY,WINERY
13760,130.5,CA,1,0.32,Garbage,1,65.25,S,WINERY
13760,130.5,CA,1,0.32,Garbage,1,65.25,S,WINERY
13760,130.5,CA,1,0.48,Recycle,1,0,S,WINERY
13760,130.5,CA,1,0.48,Recycle,1,0,S,WINERY
13760,130.5,CA,1,0.48,Compost,1,0,S,WINERY
13760,130.5,CA,1,0.48,Compost,1,0,S,WINERY
13843,75,CA,1,4,Recycle,2,75,COUNTY,WINERY
13843,75,CA,1,4,Recycle,2,75,COUNTY,WINERY
13865,97.87,CA,1,0.48,Garbage,1,97.87,S,OFFICE BLD
13865,97.87,CA,1,0.48,Recycle,1,0,S,OFFICE BLD
13913,727.82,CA,1,2,Garbage,1,363.91,S,SCHOOL
13913,727.82,CA,1,2,Garbage,1,363.91,S,SCHOOL
13913,727.82,CA,6,0.48,Recycle,1,0,S,SCHOOL
13979,708.68,CA,7,0.48,Garbage,1,101.24,Y,MULTIFAMIL
13979,708.68,CA,7,0.48,Recycle,1,0,Y,MULTIFAMIL
14030,44.86,CA,1,0.16,Garbage,1,44.86,COUNTY,CHURCH
14030,44.86,CA,1,0.48,Recycle,1,0,COUNTY,CHURCH
14081,2979.38,CA,1,4,Garbage,2,1706.1,COUNTY,WINERY
14081,2979.38,CA,1,4,Garbage,2,1706.1,COUNTY,WINERY
14081,2979.38,CA,1,4,Compost,1,605.47,COUNTY,WINERY
14081,2979.38,CA,1,4,Recycle,1,667.81,COUNTY,WINERY
14177,207.86,CA,2,0.48,Garbage,1,103.93,C,MEDICAL
14177,207.86,CA,1,0.48,Recycle,1,0,C,MEDICAL
14193,439.46,CA,1,0.48,Recycle,1,0,C,MULTIFAMIL
14193,439.46,CA,1,0.48,Compost,1,0,C,MULTIFAMIL
14193,439.46,CA,1,2,Garbage,1,439.46,C,MULTIFAMIL
14193,439.46,CA,1,0.48,Recycle,1,0,C,MULTIFAMIL
14193,439.46,CA,1,0.48,Recycle,1,0,C,MULTIFAMIL
14209,2671.8,CA,1,4,Garbage,3,2521.8,COUNTY,WINERY
14209,2671.8,CA,1,4,Garbage,3,2521.8,COUNTY,WINERY
14209,2671.8,CA,1,4,Garbage,3,2521.8,COUNTY,WINERY
14209,2671.8,CA,1,0.48,Recycle,1,0,COUNTY,WINERY
14209,2671.8,CA,1,0.48,Recycle,1,0,COUNTY,WINERY
14209,2671.8,CA,1,0.48,Recycle,1,0,COUNTY,WINERY
14209,2671.8,CA,4,0.32,Compost,2,0,COUNTY,WINERY
14209,2671.8,CA,4,0.32,Compost,2,0,COUNTY,WINERY
14209,2671.8,CA,1,4,Recycle,2,75,COUNTY,WINERY
14209,2671.8,CA,1,4,Recycle,2,75,COUNTY,WINERY
14225,269.14,CA,1,0.48,Recycle,1,0,COUNTY,WINERY
14225,269.14,CA,1,0.48,Recycle,1,0,COUNTY,WINERY
14225,269.14,CA,2,0.48,Garbage,1,134.57,COUNTY,WINERY
14325,278.4,CA,1,0.48,Recycle,1,0,Y,POSTOFFICE
14325,278.4,CA,2,0.48,Garbage,1,101.24,Y,POSTOFFICE
14325,278.4,CA,1,0.48,Recycle,1,75.92,Y,POSTOFFICE
14325,278.4,CA,1,0.48,Recycle,1,0,Y,POSTOFFICE
14334,2866.26,CA,6,0.48,Recycle,1,0,S,MULTIFAMIL
14334,2866.26,CA,2,4,Garbage,2,1333.13,S,MULTIFAMIL
14334,2866.26,CA,2,4,Garbage,2,1333.13,S,MULTIFAMIL
14334,2866.26,CA,2,PU,"",2,100,S,MULTIFAMIL
14334,2866.26,CA,2,PU,"",2,100,S,MULTIFAMIL
14377,1048.95,CA,1,6,Garbage,1,973.95,S,WINERY
14377,1048.95,CA,1,6,Recycle,2,75,S,WINERY
14377,1048.95,CA,1,6,Recycle,2,75,S,WINERY
14377,1048.95,CA,3,0.48,Recycle,1,0,S,WINERY
14377,1048.95,CA,1,0.48,Compost,1,0,S,WINERY
14377,1048.95,CA,4,0.32,Compost,3,0,S,WINERY
14377,1048.95,CA,4,0.32,Compost,3,0,S,WINERY
14377,1048.95,CA,4,0.32,Compost,3,0,S,WINERY
14379,0,CA,5,0.32,Compost,2,0,COUNTY,HOSPITAL
14379,0,CA,5,0.32,Compost,2,0,COUNTY,HOSPITAL
14379,0,CA,6,0.48,Recycle,2,0,COUNTY,HOSPITAL
14379,0,CA,6,0.48,Recycle,2,0,COUNTY,HOSPITAL
14381,134.57,CA,1,0.48,Garbage,1,134.57,COUNTY,MEDICAL
14381,134.57,CA,1,0.48,Recycle,1,0,COUNTY,MEDICAL
14520,34.64,CA,1,0.16,Garbage,1,34.64,C,WINERY
14520,34.64,CA,1,0.48,Recycle,1,0,C,WINERY
14553,103.93,CA,1,0.48,Garbage,1,103.93,C,CHURCH
14553,103.93,CA,1,0.48,Recycle,1,0,C,CHURCH
14553,103.93,CA,1,0.48,Compost,1,0,C,CHURCH
14590,2283.3,CA,1,6,Garbage,1,2133.3,COUNTY,WINERY
14590,2283.3,CA,1,0.48,Recycle,1,0,COUNTY,WINERY
14590,2283.3,CA,1,0.48,Recycle,1,0,COUNTY,WINERY
14590,2283.3,CA,1,4,Recycle,1,75,COUNTY,WINERY
14590,2283.3,CA,1,6,Recycle,1,75,COUNTY,WINERY
14652,1503.97,CA,1,4,Garbage,2,1278.97,S,RESTAURANT
14652,1503.97,CA,1,4,Garbage,2,1278.97,S,RESTAURANT
14652,1503.97,CA,3,0.48,Recycle,1,0,S,RESTAURANT
14652,1503.97,CA,3,0.32,Compost,3,0,S,RESTAURANT
14652,1503.97,CA,3,0.32,Compost,3,0,S,RESTAURANT
14652,1503.97,CA,3,0.32,Compost,3,0,S,RESTAURANT
14652,1503.97,CA,1,4,Recycle,1,75,S,RESTAURANT
14652,1503.97,CA,1,4,Recycle,2,75,S,RESTAURANT
14652,1503.97,CA,1,4,Recycle,2,75,S,RESTAURANT
14682,44.86,CA,1,0.16,Garbage,1,44.86,COUNTY,VINEYARD
14682,44.86,CA,1,0.48,Recycle,1,0,COUNTY,VINEYARD
14682,44.86,CA,1,0.48,Compost,1,0,COUNTY,VINEYARD
14698,179.42,CA,1,0.48,Recycle,1,0,COUNTY,LODGING-FW
14698,179.42,CA,1,0.48,Compost,1,0,COUNTY,LODGING-FW
14698,179.42,CA,1,0.32,Garbage,1,89.71,COUNTY,LODGING-FW
14698,179.42,CA,1,0.48,Recycle,1,0,COUNTY,LODGING-FW
14772,69.28,CA,1,0.32,Garbage,1,69.28,C,WINERY
14772,69.28,CA,1,0.48,Recycle,1,0,C,WINERY
14772,69.28,CA,1,0.48,Compost,1,0,C,WINERY
14793,311.79,CA,3,0.48,Garbage,1,103.93,C,LODGING
14793,311.79,CA,3,0.48,Recycle,1,0,C,LODGING
14793,311.79,CA,1,0.48,Compost,1,0,C,LODGING
14849,283.86,CA,2,0.48,Garbage,1,103.93,C,WINERY
14849,283.86,CA,1,0.48,Recycle,1,0,C,WINERY
14849,283.86,CA,1,0.48,Recycle,1,76,C,WINERY
14849,283.86,CA,2,0.48,Compost,1,0,C,WINERY
14953,890.4,CA,1,4,Garbage,1,890.4,COUNTY,MULTIFAMIL
14953,890.4,CA,1,0.48,Recycle,1,0,COUNTY,MULTIFAMIL
14953,890.4,CA,1,0.48,Recycle,1,0,COUNTY,MULTIFAMIL
14953,890.4,CA,1,0.48,Recycle,1,0,COUNTY,MULTIFAMIL
14953,890.4,CA,10,CO,"",0,0,COUNTY,MULTIFAMIL
14953,890.4,CA,2,0.32,Compost,1,0,COUNTY,MULTIFAMIL
14989,103.93,CA,1,0.48,Garbage,1,103.93,C,LODGING-FW
14989,103.93,CA,1,0.48,Compost,1,0,C,LODGING-FW
14989,103.93,CA,1,0.48,Recycle,1,0,C,LODGING-FW
15156,32.62,CA,1,0.16,Garbage,1,32.62,S,OFFICE BLD
15156,32.62,CA,1,0.48,Recycle,1,0,S,OFFICE BLD
15200,3741.12,MA,27,0.16,Garbage,4,138.56,C,MEMBER
15200,3741.12,MA,27,0.16,Garbage,4,138.56,C,MEMBER
15200,3741.12,MA,27,0.16,Garbage,4,138.56,C,MEMBER
15200,3741.12,MA,27,0.16,Garbage,4,138.56,C,MEMBER
15200,3741.12,MA,2,0.48,Recycle,1,0,C,MEMBER
15200,3741.12,MA,1,0.48,Recycle,1,0,C,MEMBER
15200,3741.12,MA,1,0.48,Recycle,1,0,C,MEMBER
15200,3741.12,MA,1,0.48,Recycle,1,0,C,MEMBER
15200,3741.12,MA,1,0.48,Recycle,1,0,C,MEMBER
15200,3741.12,MA,1,0.48,Recycle,1,0,C,MEMBER
15200,3741.12,MA,1,0.48,Recycle,1,0,C,MEMBER
15200,3741.12,MA,2,0.48,Recycle,1,0,C,MEMBER
15200,3741.12,MA,2,0.48,Recycle,1,0,C,MEMBER
15200,3741.12,MA,1,0.48,Recycle,1,0,C,MEMBER
15200,3741.12,MA,1,0.48,Recycle,1,0,C,MEMBER
15200,3741.12,MA,2,0.48,Recycle,1,0,C,MEMBER
15200,3741.12,MA,1,0.48,Recycle,1,0,C,MEMBER
15200,3741.12,MA,1,0.48,Recycle,1,0,C,MEMBER
15200,3741.12,MA,1,0.48,Recycle,1,0,C,MEMBER
15200,3741.12,MA,1,0.48,Recycle,1,0,C,MEMBER
15200,3741.12,MA,1,0.48,Recycle,1,0,C,MEMBER
15200,3741.12,MA,1,0.48,Recycle,1,0,C,MEMBER
15200,3741.12,MA,1,0.48,Recycle,1,0,C,MEMBER
15200,3741.12,MA,1,0.48,Recycle,1,0,C,MEMBER
15200,3741.12,MA,1,0.48,Recycle,1,0,C,MEMBER
15204,89.71,CA,1,0.32,Garbage,1,89.71,COUNTY,POLICEFIRE
15204,89.71,CA,1,0.48,Recycle,1,0,COUNTY,POLICEFIRE
15224,0,CA,1,0.48,Recycle,1,0,C,SCHOOL
15224,0,CA,1,0.48,Recycle,1,0,C,SCHOOL
15224,0,CA,4,0.32,Compost,2,0,C,SCHOOL
15224,0,CA,4,0.32,Compost,2,0,C,SCHOOL
15224,0,CA,1,4,"",1,0,C,SCHOOL
15226,179.42,CA,1,0.32,Garbage,1,89.71,COUNTY,WINERY
15226,179.42,CA,1,0.32,Garbage,1,89.71,COUNTY,WINERY
15226,179.42,CA,1,0.48,Recycle,1,0,COUNTY,WINERY
15226,179.42,CA,1,0.48,Recycle,1,0,COUNTY,WINERY
15226,179.42,CA,1,0.48,Compost,1,0,COUNTY,WINERY
15246,1170.67,CA,1,2,Garbage,1,482.56,COUNTY,WINERY
15246,1170.67,CA,1,2,Garbage,0,0,COUNTY,WINERY
15246,1170.67,CA,1,4,Recycle,1,688.11,COUNTY,WINERY
15259,1071.82,CA,1,6,Garbage,1,973.95,S,VINEYARD
15259,1071.82,CA,1,0.48,Recycle,1,0,S,VINEYARD
15259,1071.82,CA,1,0.48,Recycle,1,0,S,VINEYARD
15259,1071.82,CA,1,0.48,Recycle,1,0,S,VINEYARD
15259,1071.82,CA,1,0.48,Garbage,1,97.87,S,VINEYARD
15259,1071.82,CA,1,0.48,Recycle,1,0,S,VINEYARD
15290,97.87,CA,1,0.48,Garbage,1,97.87,S,MIXED USE
15290,97.87,CA,1,0.48,Recycle,1,0,S,MIXED USE
15290,97.87,CA,1,0.48,Compost,1,0,S,MIXED USE
15344,7267.84,CA,1,6,Garbage,2,4191.89,COUNTY,WINERY
15344,7267.84,CA,1,6,Garbage,2,4191.89,COUNTY,WINERY
15344,7267.84,CA,1,4,Recycle,1,1085.33,COUNTY,WINERY
15344,7267.84,CA,1,6,Compost,1,882.81,COUNTY,WINERY
15344,7267.84,CA,1,6,Compost,1,882.81,COUNTY,WINERY
15344,7267.84,CA,1,4,Recycle,1,75,COUNTY,WINERY
15344,7267.84,CA,2,4,Recycle,3,75,COUNTY,WINERY
15344,7267.84,CA,2,4,Recycle,3,75,COUNTY,WINERY
15344,7267.84,CA,2,4,Recycle,3,75,COUNTY,WINERY
15344,7267.84,CA,1,0.48,Recycle,1,0,COUNTY,WINERY
15408,631.71,CA,1,2,Garbage,1,540.19,COUNTY,VINEYARD
15408,631.71,CA,1,0.48,Recycle,1,0,COUNTY,VINEYARD
15408,631.71,CA,1,0.48,Compost,1,0,COUNTY,VINEYARD
15408,631.71,CA,1,0.48,Compost,1,91.52,COUNTY,VINEYARD
15431,242.99,CA,1,0.48,"",1,242.99,COUNTY,VINEYARD
15431,242.99,CA,1,0.48,Compost,1,0,COUNTY,VINEYARD
15460,303.72,CA,3,0.48,Garbage,1,101.24,Y,RESTAURANT
15460,303.72,CA,3,0.48,Recycle,1,0,Y,RESTAURANT
15481,1373.25,CA,1,6,Garbage,1,1298.25,COUNTY,WINERY
15481,1373.25,CA,1,0.48,Recycle,1,0,COUNTY,WINERY
15481,1373.25,CA,1,0.48,Recycle,1,0,COUNTY,WINERY
15481,1373.25,CA,1,6,Recycle,1,75,COUNTY,WINERY
15511,708.93,CA,1,4,Garbage,1,668.93,S,LODGING
15511,708.93,CA,1,LU,"",1,40,S,LODGING
15511,708.93,CA,3,0.48,Recycle,1,0,S,LODGING
15511,708.93,CA,1,0.48,Compost,1,0,S,LODGING
15548,195.74,CA,1,0.48,Garbage,1,97.87,S,RESTAURANT
15548,195.74,CA,1,0.48,Garbage,1,97.87,S,RESTAURANT
15548,195.74,CA,1,0.48,Recycle,1,0,S,RESTAURANT
15548,195.74,CA,1,0.48,Recycle,1,0,S,RESTAURANT
15640,415.72,CA,1,0.48,Garbage,1,103.93,C,LODGING
15640,415.72,CA,1,0.48,Garbage,1,103.93,C,LODGING
15640,415.72,CA,1,0.48,Garbage,1,103.93,C,LODGING
15640,415.72,CA,1,0.48,Garbage,1,103.93,C,LODGING
15640,415.72,CA,1,0.48,Recycle,1,0,C,LODGING
15640,415.72,CA,1,0.48,Recycle,1,0,C,LODGING
15640,415.72,CA,1,0.48,Recycle,1,0,C,LODGING
15640,415.72,CA,2,0.48,Compost,1,0,C,LODGING
15641,179.44,CA,2,0.48,Recycle,1,0,COUNTY,MULTIFAMIL
15641,179.44,CA,4,0.16,Garbage,1,44.86,COUNTY,MULTIFAMIL
15650,813.98,CA,1,4,Garbage,1,813.98,C,MINI MART
15672,391.48,CA,4,0.48,Garbage,1,97.87,S,MULTIFAMIL
15672,391.48,CA,3,0.48,Recycle,1,0,S,MULTIFAMIL
15672,391.48,CA,1,0.48,Compost,1,0,S,MULTIFAMIL
15673,391.48,CA,4,0.48,Garbage,1,97.87,S,MULTIFAMIL
15673,391.48,CA,4,0.48,Recycle,1,0,S,MULTIFAMIL
15673,391.48,CA,1,0.48,Compost,1,0,S,MULTIFAMIL
15678,482.56,CA,1,2,Garbage,1,482.56,COUNTY,UTILITY
15678,482.56,CA,1,0.48,Recycle,1,0,COUNTY,UTILITY
15833,742.46,CA,1,2,Garbage,1,439.46,C,DELI/CAFE
15833,742.46,CA,3,0.48,Recycle,1,0,C,DELI/CAFE
15833,742.46,CA,4,0.32,Compost,3,0,C,DELI/CAFE
15833,742.46,CA,4,0.32,Compost,3,0,C,DELI/CAFE
15833,742.46,CA,4,0.32,Compost,3,0,C,DELI/CAFE
15833,742.46,CA,3,0.48,Recycle,1,76,C,DELI/CAFE
15833,742.46,CA,1,4,Recycle,1,75,C,DELI/CAFE
15850,195.74,CA,1,0.48,Garbage,1,97.87,S,COMMUNITY
15850,195.74,CA,1,0.48,Garbage,1,97.87,S,COMMUNITY
15850,195.74,CA,1,0.48,Recycle,1,0,S,COMMUNITY
15850,195.74,CA,1,0.48,Recycle,1,0,S,COMMUNITY
15882,293.61,CA,2,0.48,Garbage,1,97.87,S,MULTIFAMIL
15882,293.61,CA,1,0.48,Garbage,1,97.87,S,MULTIFAMIL
15882,293.61,CA,3,0.48,Recycle,1,0,S,MULTIFAMIL
15882,293.61,CA,1,0.48,Compost,1,0,S,MULTIFAMIL
15940,65.25,CA,1,0.32,Garbage,1,65.25,S,HOME IMPRO
15940,65.25,CA,1,0.48,Recycle,1,0,S,HOME IMPRO
15996,771.01,CA,1,4,Garbage,1,696.01,S,WINERY
15996,771.01,CA,1,4,Recycle,1,75,S,WINERY
15996,771.01,CA,3,0.48,Recycle,1,0,S,WINERY
15996,771.01,CA,1,0.48,Compost,1,0,S,WINERY
16032,97.87,CA,1,0.48,Garbage,1,97.87,S,AUTO
16032,97.87,CA,1,0.48,Recycle,1,0,S,AUTO
16189,1040.4,CA,1,4,Garbage,1,890.4,COUNTY,WINERY
16189,1040.4,CA,1,0.48,Recycle,1,0,COUNTY,WINERY
16189,1040.4,CA,1,0.48,Recycle,1,0,COUNTY,WINERY
16189,1040.4,CA,1,0.48,Recycle,1,0,COUNTY,WINERY
16189,1040.4,CA,1,4,Recycle,1,75,COUNTY,WINERY
16189,1040.4,CA,1,4,Recycle,1,75,COUNTY,WINERY
16319,331.93,CA,1,0.48,Garbage,1,103.93,C,WINERY
16319,331.93,CA,1,0.48,Recycle,1,0,C,WINERY
16319,331.93,CA,3,0.48,Recycle,1,76,C,WINERY
16319,331.93,CA,1,0.48,Recycle,1,0,C,WINERY
16438,0,CA,1,2,"",1,0,COUNTY,LANDSCAPER
16564,89.71,CA,1,0.32,Garbage,1,89.71,COUNTY,WINERY
16564,89.71,CA,1,0.48,Recycle,1,0,COUNTY,WINERY
16565,34.64,CA,1,0.16,Garbage,1,34.64,C,UTILITY
16565,34.64,CA,1,0.48,Recycle,1,0,C,UTILITY
16565,34.64,CA,1,0.48,Compost,1,0,C,UTILITY
16605,890.4,CA,1,4,Garbage,1,890.4,COUNTY,WINERY
16605,890.4,CA,3,0.48,Recycle,1,0,COUNTY,WINERY
16607,171.28,CA,1,0.48,Garbage,1,97.87,S,WINERY
16607,171.28,CA,1,0.48,Recycle,1,0,S,WINERY
16607,171.28,CA,1,0.48,Recycle,1,73.41,S,WINERY
16628,207.86,CA,1,0.48,Recycle,1,0,C,RESTAURANT
16628,207.86,CA,1,0.48,Recycle,1,0,C,RESTAURANT
16628,207.86,CA,2,0.48,Garbage,1,103.93,C,RESTAURANT
16628,207.86,CA,1,0.32,Compost,1,0,C,RESTAURANT
16795,195.74,CA,1,0.48,Garbage,1,97.87,S,MULTIFAMIL
16795,195.74,CA,1,0.48,Garbage,1,97.87,S,MULTIFAMIL
16795,195.74,CA,2,0.48,Recycle,1,0,S,MULTIFAMIL
16795,195.74,CA,1,0.48,Compost,1,0,S,MULTIFAMIL
16795,195.74,CA,1,0.48,Compost,1,0,S,MULTIFAMIL
17255,515.46,CA,1,2,Garbage,1,439.46,C,BAR NO FW
17255,515.46,CA,1,0.48,Recycle,1,0,C,BAR NO FW
17255,515.46,CA,1,0.48,Recycle,1,0,C,BAR NO FW
17255,515.46,CA,1,0.48,Recycle,1,0,C,BAR NO FW
17255,515.46,CA,1,0.48,Recycle,1,76,C,BAR NO FW
17422,439.46,CA,1,2,Garbage,1,439.46,C,BAKERY
17422,439.46,CA,1,0.48,Recycle,1,0,C,BAKERY
17422,439.46,CA,1,0.48,Recycle,1,0,C,BAKERY
17422,439.46,CA,1,0.48,Recycle,1,0,C,BAKERY
17965,6969.08,CA,1,4,Garbage,5,3706.59,Y,RESTAURANT
17965,6969.08,CA,1,4,Garbage,5,3706.59,Y,RESTAURANT
17965,6969.08,CA,1,4,Garbage,5,3706.59,Y,RESTAURANT
17965,6969.08,CA,1,4,Garbage,5,3706.59,Y,RESTAURANT
17965,6969.08,CA,1,4,Garbage,5,3706.59,Y,RESTAURANT
17965,6969.08,CA,1,4,Garbage,1,1117.23,Y,RESTAURANT
17965,6969.08,CA,1,4,Recycle,3,1689.74,Y,RESTAURANT
17965,6969.08,CA,1,4,Recycle,3,1689.74,Y,RESTAURANT
17965,6969.08,CA,1,4,Recycle,3,1689.74,Y,RESTAURANT
17965,6969.08,CA,6,0.48,Recycle,1,0,Y,RESTAURANT
17965,6969.08,CA,6,0.48,Recycle,1,75.92,Y,RESTAURANT
17965,6969.08,CA,4,0.32,Compost,3,0,Y,RESTAURANT
17965,6969.08,CA,4,0.32,Compost,3,0,Y,RESTAURANT
17965,6969.08,CA,4,0.32,Compost,3,0,Y,RESTAURANT
18015,673.21,CA,1,2,Garbage,1,482.56,COUNTY,WINERY
18015,673.21,CA,1,0.48,Recycle,1,0,COUNTY,WINERY
18015,673.21,CA,1,0.48,Recycle,1,0,COUNTY,WINERY
18015,673.21,CA,1,0.16,Garbage,1,44.86,COUNTY,WINERY
18015,673.21,CA,1,0.48,Recycle,1,0,COUNTY,WINERY
18015,673.21,CA,1,0.48,Recycle,1,100.93,COUNTY,WINERY
18015,673.21,CA,1,0.16,Garbage,1,44.86,COUNTY,WINERY
18599,255.93,CA,1,0.48,Garbage,1,103.93,C,RESTAURANT
18599,255.93,CA,1,0.48,Recycle,1,0,C,RESTAURANT
18599,255.93,CA,2,0.48,Recycle,1,76,C,RESTAURANT
18599,255.93,CA,1,0.32,Compost,3,0,C,RESTAURANT
18599,255.93,CA,1,0.32,Compost,3,0,C,RESTAURANT
18599,255.93,CA,1,0.32,Compost,3,0,C,RESTAURANT
19151,2015.04,CA,1,4,Garbage,1,793.4,C,MULTIFAMIL
19151,2015.04,CA,1,2,Garbage,2,793.4,C,MULTIFAMIL
19151,2015.04,CA,1,2,Garbage,2,793.4,C,MULTIFAMIL
19151,2015.04,CA,1,2,Garbage,1,428.24,C,MULTIFAMIL
19151,2015.04,CA,6,0.48,Recycle,1,0,C,MULTIFAMIL
19206,311.79,CA,1,0.48,Garbage,1,103.93,C,RESTAURANT
19206,311.79,CA,1,0.48,Garbage,1,103.93,C,RESTAURANT
19206,311.79,CA,1,0.48,Garbage,1,103.93,C,RESTAURANT
19206,311.79,CA,1,0.48,Recycle,1,0,C,RESTAURANT
19206,311.79,CA,1,0.48,Recycle,1,0,C,RESTAURANT
20233,1039.3,CA,1,0.48,Garbage,1,103.93,C,MULTIFAMIL
20233,1039.3,CA,1,0.48,Garbage,1,103.93,C,MULTIFAMIL
20233,1039.3,CA,1,0.48,Garbage,1,103.93,C,MULTIFAMIL
20233,1039.3,CA,1,0.48,Garbage,1,103.93,C,MULTIFAMIL
20233,1039.3,CA,1,0.48,Garbage,1,103.93,C,MULTIFAMIL
20233,1039.3,CA,1,0.48,Garbage,1,103.93,C,MULTIFAMIL
20233,1039.3,CA,1,0.48,Garbage,1,103.93,C,MULTIFAMIL
20233,1039.3,CA,1,0.48,Garbage,1,103.93,C,MULTIFAMIL
20233,1039.3,CA,1,0.48,Garbage,1,103.93,C,MULTIFAMIL
20233,1039.3,CA,1,0.48,Garbage,1,103.93,C,MULTIFAMIL
20233,1039.3,CA,5,0.48,Recycle,1,0,C,MULTIFAMIL
20233,1039.3,CA,2,0.48,Compost,1,0,C,MULTIFAMIL
21438,34.64,CA,1,0.16,Garbage,1,34.64,C,RETAIL
21438,34.64,CA,1,0.48,Recycle,1,0,C,RETAIL
21438,34.64,CA,1,0.48,Compost,1,0,C,RETAIL
21896,283.86,CA,2,0.48,Garbage,1,103.93,C,RESTAURANT
21896,283.86,CA,1,0.48,Recycle,1,0,C,RESTAURANT
21896,283.86,CA,1,0.48,Recycle,1,0,C,RESTAURANT
21896,283.86,CA,1,0.48,Recycle,1,76,C,RESTAURANT
21896,283.86,CA,1,0.32,Compost,1,0,C,RESTAURANT
23489,813.98,CA,1,4,Garbage,1,813.98,C,LODGING
23489,813.98,CA,3,0.48,Recycle,1,0,C,LODGING
23489,813.98,CA,1,0.48,Compost,1,0,C,LODGING
23821,415.72,CA,1,0.48,Recycle,1,0,C,LODGING-FW
23821,415.72,CA,4,0.48,Garbage,1,103.93,C,LODGING-FW
23821,415.72,CA,1,0.48,Recycle,1,0,C,LODGING-FW
23821,415.72,CA,1,0.48,Recycle,1,0,C,LODGING-FW
23821,415.72,CA,1,0.48,Compost,1,0,C,LODGING-FW
24144,97.87,CA,1,0.48,Garbage,1,97.87,S,UTILITY
24144,97.87,CA,1,0.48,Recycle,1,0,S,UTILITY
24144,97.87,CA,1,0.48,Compost,1,0,S,UTILITY
24664,1150.37,CA,1,2,Garbage,1,482.56,COUNTY,WINERY
24664,1150.37,CA,1,4,Recycle,1,667.81,COUNTY,WINERY
24664,1150.37,CA,1,0.48,Recycle,1,0,COUNTY,WINERY
24664,1150.37,CA,1,0.48,Recycle,1,0,COUNTY,WINERY
25255,1627.98,CA,1,2,Garbage,2,813.99,C,MULTIFAMIL
25255,1627.98,CA,1,2,Garbage,2,813.99,C,MULTIFAMIL
25255,1627.98,CA,1,2,Garbage,2,813.99,C,MULTIFAMIL
25255,1627.98,CA,1,2,Garbage,2,813.99,C,MULTIFAMIL
25255,1627.98,CA,6,0.48,Recycle,1,0,C,MULTIFAMIL
25969,3536.24,CA,1,4,Garbage,3,2252.97,Y,RESTAURANT
25969,3536.24,CA,1,4,Garbage,3,2252.97,Y,RESTAURANT
25969,3536.24,CA,1,4,Garbage,3,2252.97,Y,RESTAURANT
25969,3536.24,CA,1,4,Garbage,1,1090.16,Y,RESTAURANT
25969,3536.24,CA,3,0.48,Recycle,2,64.37,Y,RESTAURANT
25969,3536.24,CA,3,0.48,Recycle,2,64.37,Y,RESTAURANT
26052,519.65,CA,2,0.48,Garbage,1,103.93,C,LODGING-FW
26052,519.65,CA,3,0.48,Garbage,1,103.93,C,LODGING-FW
26052,519.65,CA,3,0.48,Recycle,1,0,C,LODGING-FW
26600,103.93,CA,1,0.48,Garbage,1,103.93,C,RESTAURANT
26600,103.93,CA,1,0.48,Recycle,1,0,C,RESTAURANT
26600,103.93,CA,2,0.32,Compost,2,0,C,RESTAURANT
26600,103.93,CA,2,0.32,Compost,2,0,C,RESTAURANT
26948,202.48,CA,2,0.48,Garbage,1,101.24,Y,POLICEFIRE
26948,202.48,CA,2,0.48,Recycle,1,0,Y,POLICEFIRE
26948,202.48,CA,1,0.48,Compost,1,0,Y,POLICEFIRE
27143,405.36,CA,4,0.48,Garbage,1,101.34,C,MULTIFAMIL
27143,405.36,CA,1,0.48,Compost,1,0,C,MULTIFAMIL
27143,405.36,CA,2,0.48,Recycle,1,0,C,MULTIFAMIL
28630,514.46,CA,1,2,Garbage,1,439.46,C,DELI/CAFE
28630,514.46,CA,3,0.48,Recycle,1,0,C,DELI/CAFE
28630,514.46,CA,1,6,Recycle,1,75,C,DELI/CAFE
29563,311.79,CA,3,0.32,Compost,2,0,C,RESTAURANT
29563,311.79,CA,3,0.32,Compost,2,0,C,RESTAURANT
29563,311.79,CA,3,0.48,Garbage,1,103.93,C,RESTAURANT
30883,58.27,CA,1,0.16,Garbage,1,58.27,COUNTY,RETAIL
30883,58.27,CA,1,0.48,Recycle,1,0,COUNTY,RETAIL
30883,58.27,CA,1,0.48,Compost,1,0,COUNTY,RETAIL
30927,101.24,CA,1,0.48,Garbage,1,101.24,Y,WINERY
30927,101.24,CA,1,0.48,Recycle,1,0,Y,WINERY
30927,101.24,CA,1,0.48,Compost,1,0,Y,WINERY
30930,207.86,CA,1,0.48,Garbage,1,103.93,C,PRESCHOOL
30930,207.86,CA,1,0.48,Garbage,1,103.93,C,PRESCHOOL
30930,207.86,CA,1,0.48,Recycle,1,0,C,PRESCHOOL
30931,34.64,CA,1,0.16,Garbage,1,34.64,C,RETAIL
30931,34.64,CA,1,0.48,Recycle,1,0,C,RETAIL
31126,69.28,CA,1,0.32,Garbage,1,69.28,C,ENTERTAINM
31126,69.28,CA,1,0.48,Recycle,1,0,C,ENTERTAINM
31133,34.64,CA,1,0.16,Garbage,1,34.64,C,BAKERY
31133,34.64,CA,1,0.48,Recycle,1,0,C,BAKERY
31133,34.64,CA,1,0.48,Compost,1,0,C,BAKERY
31134,102.69,CA,1,0.16,Garbage,1,33.78,C,MULTIFAMIL
31134,102.69,CA,1,0.48,Recycle,1,0,C,MULTIFAMIL
31134,102.69,CA,1,0.48,Compost,1,0,C,MULTIFAMIL
31134,102.69,CA,1,0.48,Compost,1,68.91,C,MULTIFAMIL
31160,1398.87,CA,1,4,Garbage,1,799.35,Y,RESTAURANT
31160,1398.87,CA,1,4,Recycle,1,599.52,Y,RESTAURANT
31230,482.56,CA,1,2,Garbage,1,482.56,COUNTY,CONTRACTOR
31241,103.93,CA,1,0.48,Garbage,1,103.93,C,GROCERY
31241,103.93,CA,1,0.48,Recycle,1,0,C,GROCERY
31241,103.93,CA,1,0.32,Compost,1,0,C,GROCERY
31249,134.57,CA,1,0.48,Garbage,1,134.57,COUNTY,LODGING
31249,134.57,CA,1,0.48,Recycle,1,0,COUNTY,LODGING
31249,134.57,CA,1,0.48,Compost,1,0,COUNTY,LODGING
31304,130.48,CA,4,0.16,Garbage,1,32.62,S,FOURPLEX
31304,130.48,CA,4,0.48,Recycle,1,0,S,FOURPLEX
31304,130.48,CA,1,0.48,Compost,1,0,S,FOURPLEX
31364,171.28,CA,1,0.48,Garbage,1,97.87,S,OFFICE BLD
31364,171.28,CA,1,0.48,Recycle,1,0,S,OFFICE BLD
31364,171.28,CA,1,0.48,Recycle,1,73.41,S,OFFICE BLD
31447,1004.48,MA,4,0.48,Garbage,1,101.24,Y,COMMUNITY
31447,1004.48,MA,1,4,Recycle,1,599.52,Y,COMMUNITY
31550,134.57,CA,1,0.48,Garbage,1,134.57,COUNTY,WINERY
31550,134.57,CA,1,0.48,Recycle,1,0,COUNTY,WINERY
31550,134.57,CA,1,0.48,Compost,1,0,COUNTY,WINERY
31573,650.33,CA,1,0.16,Garbage,1,44.86,COUNTY,VINEYARD
31573,650.33,CA,1,0.48,Recycle,1,0,COUNTY,VINEYARD
31573,650.33,CA,1,4,Compost,1,605.47,COUNTY,VINEYARD
31588,179.93,CA,1,0.48,Garbage,1,103.93,C,WINERY
31588,179.93,CA,1,0.48,Recycle,1,0,C,WINERY
31588,179.93,CA,1,0.48,Recycle,1,76,C,WINERY
31588,179.93,CA,1,0.48,Compost,1,0,C,WINERY
31591,482.56,CA,1,2,Garbage,1,482.56,COUNTY,LANDSCAPER
31593,890.4,CA,1,4,Garbage,1,890.4,COUNTY,CONTRACTOR
31607,202.68,CA,2,0.48,Garbage,1,101.34,C,MULTIFAMIL
31607,202.68,CA,1,0.48,Recycle,1,0,C,MULTIFAMIL
31607,202.68,CA,1,0.48,Compost,1,0,C,MULTIFAMIL
31644,335.71,CA,2,0.48,Garbage,1,97.87,S,MULTIFAMIL
31644,335.71,CA,1,0.48,Recycle,1,0,S,MULTIFAMIL
31644,335.71,CA,1,0.48,Recycle,1,73.41,S,MULTIFAMIL
31644,335.71,CA,1,0.48,Compost,1,0,S,MULTIFAMIL
31644,335.71,CA,1,0.48,Compost,1,66.56,S,MULTIFAMIL
31660,134.57,CA,1,0.48,Garbage,1,134.57,COUNTY,MIXED USE
31660,134.57,CA,1,0.48,Recycle,1,0,COUNTY,MIXED USE
31660,134.57,CA,1,0.48,Compost,1,0,COUNTY,MIXED USE
31675,134.57,CA,1,0.48,Garbage,1,134.57,COUNTY,LODGING-FW
31675,134.57,CA,1,0.48,Recycle,1,0,COUNTY,LODGING-FW
31675,134.57,CA,1,0.48,Compost,1,0,COUNTY,LODGING-FW
31676,1456.25,CA,1,2,Garbage,1,482.56,COUNTY,WINERY
31676,1456.25,CA,1,6,Recycle,1,973.69,COUNTY,WINERY
31679,65.25,CA,1,0.32,Garbage,1,65.25,S,WINERY
31679,65.25,CA,1,0.48,Recycle,1,0,S,WINERY
