cust,monthly_bill,tax_body,biz_type,compost,garbage,recycle,do_they_recycle,do_they_compost
98,888.98,C,MINI MART,0,4,8,Yes,No
98,888.98,C,MINI MART,0,4,8,Yes,No
98,888.98,C,MINI MART,0,4,8,Yes,No
218,965.4,COUNTY,WINERY,0.48,4,5.440000000000001,Yes,Yes
218,965.4,COUNTY,WINERY,0.48,4,5.440000000000001,Yes,Yes
218,965.4,COUNTY,WINERY,0.48,4,5.440000000000001,Yes,Yes
218,965.4,COUNTY,WINERY,0.48,4,5.440000000000001,Yes,Yes
218,965.4,COUNTY,WINERY,0.48,4,5.440000000000001,Yes,Yes
218,965.4,COUNTY,WINERY,0.48,4,5.440000000000001,Yes,Yes
345,890.4,COUNTY,WINERY,0,4,0,No,No
567,97.87,S,MEDICAL,0,0.48,0.48,Yes,No
567,97.87,S,MEDICAL,0,0.48,0.48,Yes,No
717,65.25,S,GROCERY,0,0.32,0.48,Yes,No
717,65.25,S,GROCERY,0,0.32,0.48,Yes,No
767,89.71,COUNTY,WINERY,0.48,0.32,0.48,Yes,Yes
767,89.71,COUNTY,WINERY,0.48,0.32,0.48,Yes,Yes
767,89.71,COUNTY,WINERY,0.48,0.32,0.48,Yes,Yes
800,706.5,COUNTY,WINERY,0,0.48,0.96,Yes,No
800,706.5,COUNTY,WINERY,0,0.48,0.96,Yes,No
800,706.5,COUNTY,WINERY,0,0.48,0.96,Yes,No
806,597.92,COUNTY,WINERY,0,2,1.44,Yes,No
806,597.92,COUNTY,WINERY,0,2,1.44,Yes,No
806,597.92,COUNTY,WINERY,0,2,1.44,Yes,No
806,597.92,COUNTY,WINERY,0,2,1.44,Yes,No
939,195.74,S,OFFICE BLD,1.44,0.48,0.48,Yes,Yes
939,195.74,S,OFFICE BLD,1.44,0.48,0.48,Yes,Yes
939,195.74,S,OFFICE BLD,1.44,0.48,0.48,Yes,Yes
939,195.74,S,OFFICE BLD,1.44,0.48,0.48,Yes,Yes
939,195.74,S,OFFICE BLD,1.44,0.48,0.48,Yes,Yes
948,842.69,C,RESTAURANT,0,4,0,No,No
1084,1835.23,COUNTY,WINERY,0.48,8,5.440000000000001,Yes,Yes
1084,1835.23,COUNTY,WINERY,0.48,8,5.440000000000001,Yes,Yes
1084,1835.23,COUNTY,WINERY,0.48,8,5.440000000000001,Yes,Yes
1084,1835.23,COUNTY,WINERY,0.48,8,5.440000000000001,Yes,Yes
1084,1835.23,COUNTY,WINERY,0.48,8,5.440000000000001,Yes,Yes
1084,1835.23,COUNTY,WINERY,0.48,8,5.440000000000001,Yes,Yes
1084,1835.23,COUNTY,WINERY,0.48,8,5.440000000000001,Yes,Yes
1092,1373.25,COUNTY,WINERY,0,6,5.440000000000001,Yes,No
1092,1373.25,COUNTY,WINERY,0,6,5.440000000000001,Yes,No
1092,1373.25,COUNTY,WINERY,0,6,5.440000000000001,Yes,No
1092,1373.25,COUNTY,WINERY,0,6,5.440000000000001,Yes,No
1092,1373.25,COUNTY,WINERY,0,6,5.440000000000001,Yes,No
1575,760.91,COUNTY,WINERY,0,2,0,No,No
1742,44.86,COUNTY,PRESCHOOL,0.48,0.16,0.48,Yes,Yes
1742,44.86,COUNTY,PRESCHOOL,0.48,0.16,0.48,Yes,Yes
1742,44.86,COUNTY,PRESCHOOL,0.48,0.16,0.48,Yes,Yes
1767,363.91,S,FLORIST,0.48,2,0.48,Yes,Yes
1767,363.91,S,FLORIST,0.48,2,0.48,Yes,Yes
1767,363.91,S,FLORIST,0.48,2,0.48,Yes,Yes
1824,684.42,COUNTY,WINERY,0,0,0.96,Yes,No
1824,684.42,COUNTY,WINERY,0,0,0.96,Yes,No
2064,1693.5,COUNTY,WINERY,8.48,2,0.96,Yes,Yes
2064,1693.5,COUNTY,WINERY,8.48,2,0.96,Yes,Yes
2064,1693.5,COUNTY,WINERY,8.48,2,0.96,Yes,Yes
2064,1693.5,COUNTY,WINERY,8.48,2,0.96,Yes,Yes
2064,1693.5,COUNTY,WINERY,8.48,2,0.96,Yes,Yes
2064,1693.5,COUNTY,WINERY,8.48,2,0.96,Yes,Yes
2226,0,COUNTY,VINEYARD,0,3.5,1.44,Yes,No
2226,0,COUNTY,VINEYARD,0,3.5,1.44,Yes,No
2226,0,COUNTY,VINEYARD,0,3.5,1.44,Yes,No
2226,0,COUNTY,VINEYARD,0,3.5,1.44,Yes,No
2253,97.87,S,CHURCH,0.48,0.48,0.48,Yes,Yes
2253,97.87,S,CHURCH,0.48,0.48,0.48,Yes,Yes
2253,97.87,S,CHURCH,0.48,0.48,0.48,Yes,Yes
2339,1522.96,COUNTY,VINEYARD,0,6,10.48,Yes,No
2339,1522.96,COUNTY,VINEYARD,0,6,10.48,Yes,No
2339,1522.96,COUNTY,VINEYARD,0,6,10.48,Yes,No
2339,1522.96,COUNTY,VINEYARD,0,6,10.48,Yes,No
2339,1522.96,COUNTY,VINEYARD,0,6,10.48,Yes,No
2342,487.05,COUNTY,WINERY,0,0.48,0.48,Yes,No
2342,487.05,COUNTY,WINERY,0,0.48,0.48,Yes,No
2372,199.35,COUNTY,WINERY,0,0.32,0.96,Yes,No
2372,199.35,COUNTY,WINERY,0,0.32,0.96,Yes,No
2372,199.35,COUNTY,WINERY,0,0.32,0.96,Yes,No
2372,199.35,COUNTY,WINERY,0,0.32,0.96,Yes,No
2678,293.61,S,HOME IMPRO,0,1.44,1.44,Yes,No
2678,293.61,S,HOME IMPRO,0,1.44,1.44,Yes,No
2678,293.61,S,HOME IMPRO,0,1.44,1.44,Yes,No
2678,293.61,S,HOME IMPRO,0,1.44,1.44,Yes,No
2678,293.61,S,HOME IMPRO,0,1.44,1.44,Yes,No
2678,293.61,S,HOME IMPRO,0,1.44,1.44,Yes,No
2754,1227.47,C,MULTIFAMIL,0.96,6,0.96,Yes,Yes
2754,1227.47,C,MULTIFAMIL,0.96,6,0.96,Yes,Yes
2754,1227.47,C,MULTIFAMIL,0.96,6,0.96,Yes,Yes
2754,1227.47,C,MULTIFAMIL,0.96,6,0.96,Yes,Yes
2754,1227.47,C,MULTIFAMIL,0.96,6,0.96,Yes,Yes
2810,67.49,Y,PRESCHOOL,0.48,0.32,0.48,Yes,Yes
2810,67.49,Y,PRESCHOOL,0.48,0.32,0.48,Yes,Yes
2810,67.49,Y,PRESCHOOL,0.48,0.32,0.48,Yes,Yes
3159,89.71,COUNTY,WINERY,0,0.32,0.48,Yes,No
3159,89.71,COUNTY,WINERY,0,0.32,0.48,Yes,No
3630,134.57,COUNTY,VINEYARD,0,0.48,0.48,Yes,No
3630,134.57,COUNTY,VINEYARD,0,0.48,0.48,Yes,No
3723,195.74,S,MEDICAL,0.48,0.48,0.48,Yes,Yes
3723,195.74,S,MEDICAL,0.48,0.48,0.48,Yes,Yes
3723,195.74,S,MEDICAL,0.48,0.48,0.48,Yes,Yes
3842,632.56,COUNTY,WINERY,0.8,2,10.48,Yes,Yes
3842,632.56,COUNTY,WINERY,0.8,2,10.48,Yes,Yes
3842,632.56,COUNTY,WINERY,0.8,2,10.48,Yes,Yes
3842,632.56,COUNTY,WINERY,0.8,2,10.48,Yes,Yes
3842,632.56,COUNTY,WINERY,0.8,2,10.48,Yes,Yes
3842,632.56,COUNTY,WINERY,0.8,2,10.48,Yes,Yes
3844,1005.67,COUNTY,MIXED USE,0.32,4,1.44,Yes,Yes
3844,1005.67,COUNTY,MIXED USE,0.32,4,1.44,Yes,Yes
3844,1005.67,COUNTY,MIXED USE,0.32,4,1.44,Yes,Yes
3844,1005.67,COUNTY,MIXED USE,0.32,4,1.44,Yes,Yes
3844,1005.67,COUNTY,MIXED USE,0.32,4,1.44,Yes,Yes
4126,597.92,COUNTY,WINERY,0.48,2,0.48,Yes,Yes
4126,597.92,COUNTY,WINERY,0.48,2,0.48,Yes,Yes
4126,597.92,COUNTY,WINERY,0.48,2,0.48,Yes,Yes
4196,2798.11,COUNTY,WINERY,0.32,6.48,14,Yes,Yes
4196,2798.11,COUNTY,WINERY,0.32,6.48,14,Yes,Yes
4196,2798.11,COUNTY,WINERY,0.32,6.48,14,Yes,Yes
4196,2798.11,COUNTY,WINERY,0.32,6.48,14,Yes,Yes
4196,2798.11,COUNTY,WINERY,0.32,6.48,14,Yes,Yes
4196,2798.11,COUNTY,WINERY,0.32,6.48,14,Yes,Yes
4226,632.56,COUNTY,WINERY,0.48,2,10.48,Yes,Yes
4226,632.56,COUNTY,WINERY,0.48,2,10.48,Yes,Yes
4226,632.56,COUNTY,WINERY,0.48,2,10.48,Yes,Yes
4226,632.56,COUNTY,WINERY,0.48,2,10.48,Yes,Yes
4226,632.56,COUNTY,WINERY,0.48,2,10.48,Yes,Yes
4260,1150.37,COUNTY,WINERY,0,2,4,Yes,No
4260,1150.37,COUNTY,WINERY,0,2,4,Yes,No
4308,2358.3,COUNTY,WINERY,0,6,17.439999999999998,Yes,No
4308,2358.3,COUNTY,WINERY,0,6,17.439999999999998,Yes,No
4308,2358.3,COUNTY,WINERY,0,6,17.439999999999998,Yes,No
4308,2358.3,COUNTY,WINERY,0,6,17.439999999999998,Yes,No
4308,2358.3,COUNTY,WINERY,0,6,17.439999999999998,Yes,No
4308,2358.3,COUNTY,WINERY,0,6,17.439999999999998,Yes,No
4308,2358.3,COUNTY,WINERY,0,6,17.439999999999998,Yes,No
4420,103.93,C,LODGING-FW,0,0.48,0.96,Yes,No
4420,103.93,C,LODGING-FW,0,0.48,0.96,Yes,No
4420,103.93,C,LODGING-FW,0,0.48,0.96,Yes,No
4445,134.57,COUNTY,WINERY,0.48,0.48,0.48,Yes,Yes
4445,134.57,COUNTY,WINERY,0.48,0.48,0.48,Yes,Yes
4445,134.57,COUNTY,WINERY,0.48,0.48,0.48,Yes,Yes
4449,945.34,COUNTY,WINERY,0,2,2,Yes,No
4449,945.34,COUNTY,WINERY,0,2,2,Yes,No
4454,135.12,C,SCHOOL,0.48,0,0.48,Yes,Yes
4454,135.12,C,SCHOOL,0.48,0,0.48,Yes,Yes
4477,134.57,COUNTY,WINERY,0.48,0.48,0.48,Yes,Yes
4477,134.57,COUNTY,WINERY,0.48,0.48,0.48,Yes,Yes
4477,134.57,COUNTY,WINERY,0.48,0.48,0.48,Yes,Yes
4520,101.24,Y,MULTIFAMIL,0.48,0.48,0.48,Yes,Yes
4520,101.24,Y,MULTIFAMIL,0.48,0.48,0.48,Yes,Yes
4520,101.24,Y,MULTIFAMIL,0.48,0.48,0.48,Yes,Yes
4631,370.07,COUNTY,WINERY,0.48,0.48,1.44,Yes,Yes
4631,370.07,COUNTY,WINERY,0.48,0.48,1.44,Yes,Yes
4631,370.07,COUNTY,WINERY,0.48,0.48,1.44,Yes,Yes
4631,370.07,COUNTY,WINERY,0.48,0.48,1.44,Yes,Yes
4631,370.07,COUNTY,WINERY,0.48,0.48,1.44,Yes,Yes
4686,439.46,C,STRIP MALL,0.48,2,0.48,Yes,Yes
4686,439.46,C,STRIP MALL,0.48,2,0.48,Yes,Yes
4686,439.46,C,STRIP MALL,0.48,2,0.48,Yes,Yes
4780,134.57,COUNTY,WINERY,0,0.48,0.48,Yes,No
4780,134.57,COUNTY,WINERY,0,0.48,0.48,Yes,No
4781,89.71,COUNTY,WINERY,0.48,0.32,0.48,Yes,Yes
4781,89.71,COUNTY,WINERY,0.48,0.32,0.48,Yes,Yes
4781,89.71,COUNTY,WINERY,0.48,0.32,0.48,Yes,Yes
4831,69.28,C,FOURPLEX,0.48,0.16,0.48,Yes,Yes
4831,69.28,C,FOURPLEX,0.48,0.16,0.48,Yes,Yes
4831,69.28,C,FOURPLEX,0.48,0.16,0.48,Yes,Yes
4845,1373.25,COUNTY,UTILITY,0,6,18,Yes,No
4845,1373.25,COUNTY,UTILITY,0,6,18,Yes,No
4845,1373.25,COUNTY,UTILITY,0,6,18,Yes,No
4845,1373.25,COUNTY,UTILITY,0,6,18,Yes,No
4859,171.28,S,OFFICE BLD,0,0.48,0.96,Yes,No
4859,171.28,S,OFFICE BLD,0,0.48,0.96,Yes,No
4859,171.28,S,OFFICE BLD,0,0.48,0.96,Yes,No
4963,97.87,S,OFFICE BLD,0,0.48,0.48,Yes,No
4963,97.87,S,OFFICE BLD,0,0.48,0.48,Yes,No
5017,195.74,S,RESTAURANT,0,0.48,0.48,Yes,No
5017,195.74,S,RESTAURANT,0,0.48,0.48,Yes,No
5026,0,COUNTY,WINERY,0,3.5,0.48,Yes,No
5026,0,COUNTY,WINERY,0,3.5,0.48,Yes,No
5055,527.42,COUNTY,WINERY,0,2.16,0.48,Yes,No
5055,527.42,COUNTY,WINERY,0,2.16,0.48,Yes,No
5055,527.42,COUNTY,WINERY,0,2.16,0.48,Yes,No
5212,134.57,COUNTY,LANDSCAPER,0,0.48,0.48,Yes,No
5212,134.57,COUNTY,LANDSCAPER,0,0.48,0.48,Yes,No
5311,358.85,COUNTY,WINERY,0.48,1.28,0.48,Yes,Yes
5311,358.85,COUNTY,WINERY,0.48,1.28,0.48,Yes,Yes
5311,358.85,COUNTY,WINERY,0.48,1.28,0.48,Yes,Yes
5311,358.85,COUNTY,WINERY,0.48,1.28,0.48,Yes,Yes
5311,358.85,COUNTY,WINERY,0.48,1.28,0.48,Yes,Yes
5401,253.08,Y,WINERY,0.32,0.48,1.44,Yes,Yes
5401,253.08,Y,WINERY,0.32,0.48,1.44,Yes,Yes
5401,253.08,Y,WINERY,0.32,0.48,1.44,Yes,Yes
5401,253.08,Y,WINERY,0.32,0.48,1.44,Yes,Yes
5401,253.08,Y,WINERY,0.32,0.48,1.44,Yes,Yes
5492,32.62,S,STRIP MALL,0,0.16,0.48,Yes,No
5492,32.62,S,STRIP MALL,0,0.16,0.48,Yes,No
5504,32.62,S,OFFICE BLD,0,0.16,0.48,Yes,No
5504,32.62,S,OFFICE BLD,0,0.16,0.48,Yes,No
5662,65.25,S,RETAIL,0,0.32,0.48,Yes,No
5662,65.25,S,RETAIL,0,0.32,0.48,Yes,No
5827,97.87,S,RETAIL,0,0.48,0.48,Yes,No
5827,97.87,S,RETAIL,0,0.48,0.48,Yes,No
5868,0,COUNTY,WINERY,0,3.5,3.5,Yes,No
5868,0,COUNTY,WINERY,0,3.5,3.5,Yes,No
6090,130.5,S,UTILITY,0.48,0.64,0.48,Yes,Yes
6090,130.5,S,UTILITY,0.48,0.64,0.48,Yes,Yes
6090,130.5,S,UTILITY,0.48,0.64,0.48,Yes,Yes
6090,130.5,S,UTILITY,0.48,0.64,0.48,Yes,Yes
6204,65.25,S,HOME IMPRO,0,0.32,0.48,Yes,No
6204,65.25,S,HOME IMPRO,0,0.32,0.48,Yes,No
6205,89.71,COUNTY,CONTRACTOR,0.48,0.32,0.48,Yes,Yes
6205,89.71,COUNTY,CONTRACTOR,0.48,0.32,0.48,Yes,Yes
6205,89.71,COUNTY,CONTRACTOR,0.48,0.32,0.48,Yes,Yes
6413,665.6,COUNTY,MIXED USE,1.44,2,0.48,Yes,Yes
6413,665.6,COUNTY,MIXED USE,1.44,2,0.48,Yes,Yes
6413,665.6,COUNTY,MIXED USE,1.44,2,0.48,Yes,Yes
6413,665.6,COUNTY,MIXED USE,1.44,2,0.48,Yes,Yes
6413,665.6,COUNTY,MIXED USE,1.44,2,0.48,Yes,Yes
6542,0,COUNTY,WINERY,0,3.5,3.5,Yes,No
6542,0,COUNTY,WINERY,0,3.5,3.5,Yes,No
6640,514.46,C,RESTAURANT,1.4400000000000002,2,5.4399999999999995,Yes,Yes
6640,514.46,C,RESTAURANT,1.4400000000000002,2,5.4399999999999995,Yes,Yes
6640,514.46,C,RESTAURANT,1.4400000000000002,2,5.4399999999999995,Yes,Yes
6640,514.46,C,RESTAURANT,1.4400000000000002,2,5.4399999999999995,Yes,Yes
6640,514.46,C,RESTAURANT,1.4400000000000002,2,5.4399999999999995,Yes,Yes
6640,514.46,C,RESTAURANT,1.4400000000000002,2,5.4399999999999995,Yes,Yes
6640,514.46,C,RESTAURANT,1.4400000000000002,2,5.4399999999999995,Yes,Yes
6640,514.46,C,RESTAURANT,1.4400000000000002,2,5.4399999999999995,Yes,Yes
6640,514.46,C,RESTAURANT,1.4400000000000002,2,5.4399999999999995,Yes,Yes
6796,1772.84,COUNTY,RESTAURANT,0.96,4,19.84,Yes,Yes
6796,1772.84,COUNTY,RESTAURANT,0.96,4,19.84,Yes,Yes
6796,1772.84,COUNTY,RESTAURANT,0.96,4,19.84,Yes,Yes
6796,1772.84,COUNTY,RESTAURANT,0.96,4,19.84,Yes,Yes
6796,1772.84,COUNTY,RESTAURANT,0.96,4,19.84,Yes,Yes
6796,1772.84,COUNTY,RESTAURANT,0.96,4,19.84,Yes,Yes
6796,1772.84,COUNTY,RESTAURANT,0.96,4,19.84,Yes,Yes
6796,1772.84,COUNTY,RESTAURANT,0.96,4,19.84,Yes,Yes
6796,1772.84,COUNTY,RESTAURANT,0.96,4,19.84,Yes,Yes
6796,1772.84,COUNTY,RESTAURANT,0.96,4,19.84,Yes,Yes
6796,1772.84,COUNTY,RESTAURANT,0.96,4,19.84,Yes,Yes
6796,1772.84,COUNTY,RESTAURANT,0.96,4,19.84,Yes,Yes
6796,1772.84,COUNTY,RESTAURANT,0.96,4,19.84,Yes,Yes
6796,1772.84,COUNTY,RESTAURANT,0.96,4,19.84,Yes,Yes
6796,1772.84,COUNTY,RESTAURANT,0.96,4,19.84,Yes,Yes
6796,1772.84,COUNTY,RESTAURANT,0.96,4,19.84,Yes,Yes
6835,482.56,COUNTY,WINERY,0,2,1.44,Yes,No
6835,482.56,COUNTY,WINERY,0,2,1.44,Yes,No
6835,482.56,COUNTY,WINERY,0,2,1.44,Yes,No
6835,482.56,COUNTY,WINERY,0,2,1.44,Yes,No
7162,760.91,COUNTY,WINERY,0,2,1.44,Yes,No
7162,760.91,COUNTY,WINERY,0,2,1.44,Yes,No
7162,760.91,COUNTY,WINERY,0,2,1.44,Yes,No
7162,760.91,COUNTY,WINERY,0,2,1.44,Yes,No
7567,363.91,S,CONTRACTOR,0,2,0,No,No
7679,32.62,S,COMMUNITY,0,0.16,0.48,Yes,No
7679,32.62,S,COMMUNITY,0,0.16,0.48,Yes,No
7849,2238.2,S,MIXED USE,0,8,8,Yes,No
7849,2238.2,S,MIXED USE,0,8,8,Yes,No
7849,2238.2,S,MIXED USE,0,8,8,Yes,No
7849,2238.2,S,MIXED USE,0,8,8,Yes,No
8041,134.57,COUNTY,LODGING,0.48,0.48,0.48,Yes,Yes
8041,134.57,COUNTY,LODGING,0.48,0.48,0.48,Yes,Yes
8041,134.57,COUNTY,LODGING,0.48,0.48,0.48,Yes,Yes
8045,179.42,COUNTY,WINERY,0.96,0.64,0.96,Yes,Yes
8045,179.42,COUNTY,WINERY,0.96,0.64,0.96,Yes,Yes
8045,179.42,COUNTY,WINERY,0.96,0.64,0.96,Yes,Yes
8045,179.42,COUNTY,WINERY,0.96,0.64,0.96,Yes,Yes
8045,179.42,COUNTY,WINERY,0.96,0.64,0.96,Yes,Yes
8045,179.42,COUNTY,WINERY,0.96,0.64,0.96,Yes,Yes
8063,1048.95,S,GROCERY,0.64,6,12.48,Yes,Yes
8063,1048.95,S,GROCERY,0.64,6,12.48,Yes,Yes
8063,1048.95,S,GROCERY,0.64,6,12.48,Yes,Yes
8063,1048.95,S,GROCERY,0.64,6,12.48,Yes,Yes
8063,1048.95,S,GROCERY,0.64,6,12.48,Yes,Yes
8063,1048.95,S,GROCERY,0.64,6,12.48,Yes,Yes
8063,1048.95,S,GROCERY,0.64,6,12.48,Yes,Yes
8063,1048.95,S,GROCERY,0.64,6,12.48,Yes,Yes
8063,1048.95,S,GROCERY,0.64,6,12.48,Yes,Yes
8141,540.19,COUNTY,WINERY,0.48,2,1.44,Yes,Yes
8141,540.19,COUNTY,WINERY,0.48,2,1.44,Yes,Yes
8141,540.19,COUNTY,WINERY,0.48,2,1.44,Yes,Yes
8141,540.19,COUNTY,WINERY,0.48,2,1.44,Yes,Yes
8141,540.19,COUNTY,WINERY,0.48,2,1.44,Yes,Yes
8212,269.13,S,MULTIFAMIL,0.48,0.16,0.96,Yes,Yes
8212,269.13,S,MULTIFAMIL,0.48,0.16,0.96,Yes,Yes
8212,269.13,S,MULTIFAMIL,0.48,0.16,0.96,Yes,Yes
8212,269.13,S,MULTIFAMIL,0.48,0.16,0.96,Yes,Yes
8213,65.24,S,DUPLEX,0.48,0.32,0.96,Yes,Yes
8213,65.24,S,DUPLEX,0.48,0.32,0.96,Yes,Yes
8213,65.24,S,DUPLEX,0.48,0.32,0.96,Yes,Yes
8213,65.24,S,DUPLEX,0.48,0.32,0.96,Yes,Yes
8213,65.24,S,DUPLEX,0.48,0.32,0.96,Yes,Yes
8327,89.71,COUNTY,WINERY,0.48,0.32,0.48,Yes,Yes
8327,89.71,COUNTY,WINERY,0.48,0.32,0.48,Yes,Yes
8327,89.71,COUNTY,WINERY,0.48,0.32,0.48,Yes,Yes
8626,89.71,COUNTY,WINERY,0.48,0.32,0.48,Yes,Yes
8626,89.71,COUNTY,WINERY,0.48,0.32,0.48,Yes,Yes
8626,89.71,COUNTY,WINERY,0.48,0.32,0.48,Yes,Yes
8657,97.87,S,RESTAURANT,0,0.48,0.48,Yes,No
8657,97.87,S,RESTAURANT,0,0.48,0.48,Yes,No
8747,583.49,COUNTY,WINERY,0.48,2,1.92,Yes,Yes
8747,583.49,COUNTY,WINERY,0.48,2,1.92,Yes,Yes
8747,583.49,COUNTY,WINERY,0.48,2,1.92,Yes,Yes
8747,583.49,COUNTY,WINERY,0.48,2,1.92,Yes,Yes
8747,583.49,COUNTY,WINERY,0.48,2,1.92,Yes,Yes
8747,583.49,COUNTY,WINERY,0.48,2,1.92,Yes,Yes
8758,1130.67,COUNTY,WINERY,0,4,5.4399999999999995,Yes,No
8758,1130.67,COUNTY,WINERY,0,4,5.4399999999999995,Yes,No
8758,1130.67,COUNTY,WINERY,0,4,5.4399999999999995,Yes,No
8758,1130.67,COUNTY,WINERY,0,4,5.4399999999999995,Yes,No
8758,1130.67,COUNTY,WINERY,0,4,5.4399999999999995,Yes,No
8800,304.02,C,MULTIFAMIL,0.48,1.44,0.96,Yes,Yes
8800,304.02,C,MULTIFAMIL,0.48,1.44,0.96,Yes,Yes
8800,304.02,C,MULTIFAMIL,0.48,1.44,0.96,Yes,Yes
8800,304.02,C,MULTIFAMIL,0.48,1.44,0.96,Yes,Yes
8800,304.02,C,MULTIFAMIL,0.48,1.44,0.96,Yes,Yes
8800,304.02,C,MULTIFAMIL,0.48,1.44,0.96,Yes,Yes
8818,370.07,COUNTY,WINERY,0.48,0.96,0.96,Yes,Yes
8818,370.07,COUNTY,WINERY,0.48,0.96,0.96,Yes,Yes
8818,370.07,COUNTY,WINERY,0.48,0.96,0.96,Yes,Yes
8818,370.07,COUNTY,WINERY,0.48,0.96,0.96,Yes,Yes
8818,370.07,COUNTY,WINERY,0.48,0.96,0.96,Yes,Yes
8883,482.56,COUNTY,CONTRACTOR,0,2,0.48,Yes,No
8883,482.56,COUNTY,CONTRACTOR,0,2,0.48,Yes,No
8959,844.48,COUNTY,WINERY,0.96,2,2,Yes,Yes
8959,844.48,COUNTY,WINERY,0.96,2,2,Yes,Yes
8959,844.48,COUNTY,WINERY,0.96,2,2,Yes,Yes
8959,844.48,COUNTY,WINERY,0.96,2,2,Yes,Yes
9090,177.16,Y,WINERY,0,0.48,0.96,Yes,No
9090,177.16,Y,WINERY,0,0.48,0.96,Yes,No
9090,177.16,Y,WINERY,0,0.48,0.96,Yes,No
9121,1624.18,COUNTY,WINERY,0.48,6,21.92,Yes,Yes
9121,1624.18,COUNTY,WINERY,0.48,6,21.92,Yes,Yes
9121,1624.18,COUNTY,WINERY,0.48,6,21.92,Yes,Yes
9121,1624.18,COUNTY,WINERY,0.48,6,21.92,Yes,Yes
9121,1624.18,COUNTY,WINERY,0.48,6,21.92,Yes,Yes
9121,1624.18,COUNTY,WINERY,0.48,6,21.92,Yes,Yes
9121,1624.18,COUNTY,WINERY,0.48,6,21.92,Yes,Yes
9121,1624.18,COUNTY,WINERY,0.48,6,21.92,Yes,Yes
9121,1624.18,COUNTY,WINERY,0.48,6,21.92,Yes,Yes
9121,1624.18,COUNTY,WINERY,0.48,6,21.92,Yes,Yes
9195,134.57,COUNTY,WINERY,0.48,0.48,0.48,Yes,Yes
9195,134.57,COUNTY,WINERY,0.48,0.48,0.48,Yes,Yes
9195,134.57,COUNTY,WINERY,0.48,0.48,0.48,Yes,Yes
9349,72.9,COUNTY,WINERY,0,0.16,0.48,Yes,No
9349,72.9,COUNTY,WINERY,0,0.16,0.48,Yes,No
9368,1638.21,COUNTY,WINERY,0.96,4,4,Yes,Yes
9368,1638.21,COUNTY,WINERY,0.96,4,4,Yes,Yes
9368,1638.21,COUNTY,WINERY,0.96,4,4,Yes,Yes
9368,1638.21,COUNTY,WINERY,0.96,4,4,Yes,Yes
9375,1782.8,C,PARK,0,0,6,Yes,No
9376,1185.33,S,RESTAURANT,4.960000000000001,0,6,Yes,Yes
9376,1185.33,S,RESTAURANT,4.960000000000001,0,6,Yes,Yes
9376,1185.33,S,RESTAURANT,4.960000000000001,0,6,Yes,Yes
9376,1185.33,S,RESTAURANT,4.960000000000001,0,6,Yes,Yes
9376,1185.33,S,RESTAURANT,4.960000000000001,0,6,Yes,Yes
9481,1601.16,Y,RESTAURANT,0,8,9.44,Yes,No
9481,1601.16,Y,RESTAURANT,0,8,9.44,Yes,No
9481,1601.16,Y,RESTAURANT,0,8,9.44,Yes,No
9481,1601.16,Y,RESTAURANT,0,8,9.44,Yes,No
9481,1601.16,Y,RESTAURANT,0,8,9.44,Yes,No
9481,1601.16,Y,RESTAURANT,0,8,9.44,Yes,No
9481,1601.16,Y,RESTAURANT,0,8,9.44,Yes,No
9784,134.57,COUNTY,VINEYARD,0.48,0.48,0.48,Yes,Yes
9784,134.57,COUNTY,VINEYARD,0.48,0.48,0.48,Yes,Yes
9784,134.57,COUNTY,VINEYARD,0.48,0.48,0.48,Yes,Yes
9819,32.62,S,RETAIL,0,0.16,0.48,Yes,No
9819,32.62,S,RETAIL,0,0.16,0.48,Yes,No
9846,97.87,S,COMMUNITY,0,0.48,0.48,Yes,No
9846,97.87,S,COMMUNITY,0,0.48,0.48,Yes,No
9850,253.08,Y,RETAIL,0,0.48,1.44,Yes,No
9850,253.08,Y,RETAIL,0,0.48,1.44,Yes,No
9850,253.08,Y,RETAIL,0,0.48,1.44,Yes,No
9850,253.08,Y,RETAIL,0,0.48,1.44,Yes,No
9906,1005.67,COUNTY,CONTRACTOR,0,4,0,No,No
9910,44.86,COUNTY,POSTOFFICE,0,0.16,0.48,Yes,No
9910,44.86,COUNTY,POSTOFFICE,0,0.16,0.48,Yes,No
9920,2317.12,C,MULTIFAMIL,0.48,12,0.48,Yes,Yes
9920,2317.12,C,MULTIFAMIL,0.48,12,0.48,Yes,Yes
9920,2317.12,C,MULTIFAMIL,0.48,12,0.48,Yes,Yes
9920,2317.12,C,MULTIFAMIL,0.48,12,0.48,Yes,Yes
9920,2317.12,C,MULTIFAMIL,0.48,12,0.48,Yes,Yes
9920,2317.12,C,MULTIFAMIL,0.48,12,0.48,Yes,Yes
9928,269.14,COUNTY,CHURCH,0.48,0.48,0.48,Yes,Yes
9928,269.14,COUNTY,CHURCH,0.48,0.48,0.48,Yes,Yes
9928,269.14,COUNTY,CHURCH,0.48,0.48,0.48,Yes,Yes
9929,1627.98,C,LODGING,0,4,0,No,No
9929,1627.98,C,LODGING,0,4,0,No,No
9964,276.77,C,MEDICAL,0.96,0.96,0.48,Yes,Yes
9964,276.77,C,MEDICAL,0.96,0.96,0.48,Yes,Yes
9964,276.77,C,MEDICAL,0.96,0.96,0.48,Yes,Yes
9964,276.77,C,MEDICAL,0.96,0.96,0.48,Yes,Yes
9964,276.77,C,MEDICAL,0.96,0.96,0.48,Yes,Yes
10065,2816.91,COUNTY,WINERY,1.28,6,8,Yes,Yes
10065,2816.91,COUNTY,WINERY,1.28,6,8,Yes,Yes
10065,2816.91,COUNTY,WINERY,1.28,6,8,Yes,Yes
10065,2816.91,COUNTY,WINERY,1.28,6,8,Yes,Yes
10065,2816.91,COUNTY,WINERY,1.28,6,8,Yes,Yes
10065,2816.91,COUNTY,WINERY,1.28,6,8,Yes,Yes
10067,5246.71,COUNTY,WINERY,0,8,18,Yes,No
10067,5246.71,COUNTY,WINERY,0,8,18,Yes,No
10067,5246.71,COUNTY,WINERY,0,8,18,Yes,No
10067,5246.71,COUNTY,WINERY,0,8,18,Yes,No
10067,5246.71,COUNTY,WINERY,0,8,18,Yes,No
10071,3322.57,COUNTY,WINERY,4,6,10,Yes,Yes
10071,3322.57,COUNTY,WINERY,4,6,10,Yes,Yes
10071,3322.57,COUNTY,WINERY,4,6,10,Yes,Yes
10071,3322.57,COUNTY,WINERY,4,6,10,Yes,Yes
10076,1898.55,COUNTY,LODGING-FW,0.96,8,1.92,Yes,Yes
10076,1898.55,COUNTY,LODGING-FW,0.96,8,1.92,Yes,Yes
10076,1898.55,COUNTY,LODGING-FW,0.96,8,1.92,Yes,Yes
10076,1898.55,COUNTY,LODGING-FW,0.96,8,1.92,Yes,Yes
10076,1898.55,COUNTY,LODGING-FW,0.96,8,1.92,Yes,Yes
10076,1898.55,COUNTY,LODGING-FW,0.96,8,1.92,Yes,Yes
10076,1898.55,COUNTY,LODGING-FW,0.96,8,1.92,Yes,Yes
10076,1898.55,COUNTY,LODGING-FW,0.96,8,1.92,Yes,Yes
10082,303.72,Y,MULTIFAMIL,0,0.48,0.96,Yes,No
10082,303.72,Y,MULTIFAMIL,0,0.48,0.96,Yes,No
10082,303.72,Y,MULTIFAMIL,0,0.48,0.96,Yes,No
10083,1558.21,COUNTY,UTILITY,0,4,4.48,Yes,No
10083,1558.21,COUNTY,UTILITY,0,4,4.48,Yes,No
10083,1558.21,COUNTY,UTILITY,0,4,4.48,Yes,No
10103,428.24,C,MULTIFAMIL,0,2,0.96,Yes,No
10103,428.24,C,MULTIFAMIL,0,2,0.96,Yes,No
10103,428.24,C,MULTIFAMIL,0,2,0.96,Yes,No
10106,1791.03,C,LODGING,0.48,8,2.88,Yes,Yes
10106,1791.03,C,LODGING,0.48,8,2.88,Yes,Yes
10106,1791.03,C,LODGING,0.48,8,2.88,Yes,Yes
10106,1791.03,C,LODGING,0.48,8,2.88,Yes,Yes
10106,1791.03,C,LODGING,0.48,8,2.88,Yes,Yes
10106,1791.03,C,LODGING,0.48,8,2.88,Yes,Yes
10106,1791.03,C,LODGING,0.48,8,2.88,Yes,Yes
10106,1791.03,C,LODGING,0.48,8,2.88,Yes,Yes
10106,1791.03,C,LODGING,0.48,8,2.88,Yes,Yes
10112,202.48,Y,CHURCH,0.48,0.48,0.48,Yes,Yes
10112,202.48,Y,CHURCH,0.48,0.48,0.48,Yes,Yes
10112,202.48,Y,CHURCH,0.48,0.48,0.48,Yes,Yes
10139,1511.27,S,STRIP MALL,0.48,8,0.96,Yes,Yes
10139,1511.27,S,STRIP MALL,0.48,8,0.96,Yes,Yes
10139,1511.27,S,STRIP MALL,0.48,8,0.96,Yes,Yes
10139,1511.27,S,STRIP MALL,0.48,8,0.96,Yes,Yes
10139,1511.27,S,STRIP MALL,0.48,8,0.96,Yes,Yes
10144,608.04,C,MULTIFAMIL,0.48,0.96,0.96,Yes,Yes
10144,608.04,C,MULTIFAMIL,0.48,0.96,0.96,Yes,Yes
10144,608.04,C,MULTIFAMIL,0.48,0.96,0.96,Yes,Yes
10144,608.04,C,MULTIFAMIL,0.48,0.96,0.96,Yes,Yes
10144,608.04,C,MULTIFAMIL,0.48,0.96,0.96,Yes,Yes
10145,6451.98,C,MOBILEHOME,0.96,1.12,1.92,Yes,Yes
10145,6451.98,C,MOBILEHOME,0.96,1.12,1.92,Yes,Yes
10145,6451.98,C,MOBILEHOME,0.96,1.12,1.92,Yes,Yes
10145,6451.98,C,MOBILEHOME,0.96,1.12,1.92,Yes,Yes
10145,6451.98,C,MOBILEHOME,0.96,1.12,1.92,Yes,Yes
10145,6451.98,C,MOBILEHOME,0.96,1.12,1.92,Yes,Yes
10145,6451.98,C,MOBILEHOME,0.96,1.12,1.92,Yes,Yes
10145,6451.98,C,MOBILEHOME,0.96,1.12,1.92,Yes,Yes
10145,6451.98,C,MOBILEHOME,0.96,1.12,1.92,Yes,Yes
10154,2398.21,C,LODGING,0.48,12,0.48,Yes,Yes
10154,2398.21,C,LODGING,0.48,12,0.48,Yes,Yes
10154,2398.21,C,LODGING,0.48,12,0.48,Yes,Yes
10154,2398.21,C,LODGING,0.48,12,0.48,Yes,Yes
10154,2398.21,C,LODGING,0.48,12,0.48,Yes,Yes
10161,140.51,C,OFFICE BLD,0,0.48,0.48,Yes,No
10161,140.51,C,OFFICE BLD,0,0.48,0.48,Yes,No
10174,439.46,C,RETAIL,0,2,1.44,Yes,No
10174,439.46,C,RETAIL,0,2,1.44,Yes,No
10174,439.46,C,RETAIL,0,2,1.44,Yes,No
10174,439.46,C,RETAIL,0,2,1.44,Yes,No
10185,65.25,S,ENTERTAINM,0,0.32,0.48,Yes,No
10185,65.25,S,ENTERTAINM,0,0.32,0.48,Yes,No
10209,255.93,C,POSTOFFICE,0.48,0.48,0.96,Yes,Yes
10209,255.93,C,POSTOFFICE,0.48,0.48,0.96,Yes,Yes
10209,255.93,C,POSTOFFICE,0.48,0.48,0.96,Yes,Yes
10209,255.93,C,POSTOFFICE,0.48,0.48,0.96,Yes,Yes
10222,138.56,C,OFFICE BLD,0,0.64,0.96,Yes,No
10222,138.56,C,OFFICE BLD,0,0.64,0.96,Yes,No
10222,138.56,C,OFFICE BLD,0,0.64,0.96,Yes,No
10222,138.56,C,OFFICE BLD,0,0.64,0.96,Yes,No
10224,882.9,C,LODGING,0.96,4,1.44,Yes,Yes
10224,882.9,C,LODGING,0.96,4,1.44,Yes,Yes
10224,882.9,C,LODGING,0.96,4,1.44,Yes,Yes
10224,882.9,C,LODGING,0.96,4,1.44,Yes,Yes
10224,882.9,C,LODGING,0.96,4,1.44,Yes,Yes
10224,882.9,C,LODGING,0.96,4,1.44,Yes,Yes
10224,882.9,C,LODGING,0.96,4,1.44,Yes,Yes
10227,69.28,C,MEDICAL,0.48,0.32,0.48,Yes,Yes
10227,69.28,C,MEDICAL,0.48,0.32,0.48,Yes,Yes
10227,69.28,C,MEDICAL,0.48,0.32,0.48,Yes,Yes
10233,4931.88,C,MOBILEHOME,0.48,0.16,0.48,Yes,Yes
10233,4931.88,C,MOBILEHOME,0.48,0.16,0.48,Yes,Yes
10233,4931.88,C,MOBILEHOME,0.48,0.16,0.48,Yes,Yes
10238,67.56,C,MULTIFAMIL,0,0.16,0.48,Yes,No
10238,67.56,C,MULTIFAMIL,0,0.16,0.48,Yes,No
10247,3008.71,C,GROCERY,0.96,24,4.96,Yes,Yes
10247,3008.71,C,GROCERY,0.96,24,4.96,Yes,Yes
10247,3008.71,C,GROCERY,0.96,24,4.96,Yes,Yes
10247,3008.71,C,GROCERY,0.96,24,4.96,Yes,Yes
10247,3008.71,C,GROCERY,0.96,24,4.96,Yes,Yes
10247,3008.71,C,GROCERY,0.96,24,4.96,Yes,Yes
10247,3008.71,C,GROCERY,0.96,24,4.96,Yes,Yes
10247,3008.71,C,GROCERY,0.96,24,4.96,Yes,Yes
10247,3008.71,C,GROCERY,0.96,24,4.96,Yes,Yes
10247,3008.71,C,GROCERY,0.96,24,4.96,Yes,Yes
10247,3008.71,C,GROCERY,0.96,24,4.96,Yes,Yes
10248,743.93,S,AUTO,0,4,6.48,Yes,No
10248,743.93,S,AUTO,0,4,6.48,Yes,No
10248,743.93,S,AUTO,0,4,6.48,Yes,No
10250,2035.83,S,LODGING-FW,0.48,12,1.92,Yes,Yes
10250,2035.83,S,LODGING-FW,0.48,12,1.92,Yes,Yes
10250,2035.83,S,LODGING-FW,0.48,12,1.92,Yes,Yes
10250,2035.83,S,LODGING-FW,0.48,12,1.92,Yes,Yes
10250,2035.83,S,LODGING-FW,0.48,12,1.92,Yes,Yes
10250,2035.83,S,LODGING-FW,0.48,12,1.92,Yes,Yes
10250,2035.83,S,LODGING-FW,0.48,12,1.92,Yes,Yes
10250,2035.83,S,LODGING-FW,0.48,12,1.92,Yes,Yes
10255,4567.25,COUNTY,WINERY,0,12,6.48,Yes,No
10255,4567.25,COUNTY,WINERY,0,12,6.48,Yes,No
10255,4567.25,COUNTY,WINERY,0,12,6.48,Yes,No
10255,4567.25,COUNTY,WINERY,0,12,6.48,Yes,No
10257,97.87,S,AUTO,0,0.48,0,No,No
10260,69.28,C,OFFICE BLD,0.48,0.16,0.96,Yes,Yes
10260,69.28,C,OFFICE BLD,0.48,0.16,0.96,Yes,Yes
10260,69.28,C,OFFICE BLD,0.48,0.16,0.96,Yes,Yes
10260,69.28,C,OFFICE BLD,0.48,0.16,0.96,Yes,Yes
10262,195.74,S,OFFICE BLD,0,0.48,0.48,Yes,No
10262,195.74,S,OFFICE BLD,0,0.48,0.48,Yes,No
10263,1278.97,S,RESTAURANT,0,8,0,No,No
10263,1278.97,S,RESTAURANT,0,8,0,No,No
10263,1278.97,S,RESTAURANT,0,8,0,No,No
10263,1278.97,S,RESTAURANT,0,8,0,No,No
10265,6347.58,S,GROCERY,0.96,36,42.4,Yes,Yes
10265,6347.58,S,GROCERY,0.96,36,42.4,Yes,Yes
10265,6347.58,S,GROCERY,0.96,36,42.4,Yes,Yes
10265,6347.58,S,GROCERY,0.96,36,42.4,Yes,Yes
10265,6347.58,S,GROCERY,0.96,36,42.4,Yes,Yes
10265,6347.58,S,GROCERY,0.96,36,42.4,Yes,Yes
10265,6347.58,S,GROCERY,0.96,36,42.4,Yes,Yes
10265,6347.58,S,GROCERY,0.96,36,42.4,Yes,Yes
10265,6347.58,S,GROCERY,0.96,36,42.4,Yes,Yes
10265,6347.58,S,GROCERY,0.96,36,42.4,Yes,Yes
10265,6347.58,S,GROCERY,0.96,36,42.4,Yes,Yes
10265,6347.58,S,GROCERY,0.96,36,42.4,Yes,Yes
10265,6347.58,S,GROCERY,0.96,36,42.4,Yes,Yes
10265,6347.58,S,GROCERY,0.96,36,42.4,Yes,Yes
10265,6347.58,S,GROCERY,0.96,36,42.4,Yes,Yes
10265,6347.58,S,GROCERY,0.96,36,42.4,Yes,Yes
10265,6347.58,S,GROCERY,0.96,36,42.4,Yes,Yes
10265,6347.58,S,GROCERY,0.96,36,42.4,Yes,Yes
10265,6347.58,S,GROCERY,0.96,36,42.4,Yes,Yes
10265,6347.58,S,GROCERY,0.96,36,42.4,Yes,Yes
10265,6347.58,S,GROCERY,0.96,36,42.4,Yes,Yes
10265,6347.58,S,GROCERY,0.96,36,42.4,Yes,Yes
10271,363.91,S,AUTO,0,2,0.48,Yes,No
10271,363.91,S,AUTO,0,2,0.48,Yes,No
10289,743.93,S,HOME IMPRO,0,4,8.48,Yes,No
10289,743.93,S,HOME IMPRO,0,4,8.48,Yes,No
10289,743.93,S,HOME IMPRO,0,4,8.48,Yes,No
10289,743.93,S,HOME IMPRO,0,4,8.48,Yes,No
10295,363.91,S,RETAIL,0,2,1.44,Yes,No
10295,363.91,S,RETAIL,0,2,1.44,Yes,No
10295,363.91,S,RETAIL,0,2,1.44,Yes,No
10295,363.91,S,RETAIL,0,2,1.44,Yes,No
10301,171.28,S,POSTOFFICE,0,0.48,0.96,Yes,No
10301,171.28,S,POSTOFFICE,0,0.48,0.96,Yes,No
10301,171.28,S,POSTOFFICE,0,0.48,0.96,Yes,No
10302,1780.67,S,PARK,0,8,4,Yes,No
10302,1780.67,S,PARK,0,8,4,Yes,No
10302,1780.67,S,PARK,0,8,4,Yes,No
10303,668.93,S,UTILITY,0,4,0.48,Yes,No
10303,668.93,S,UTILITY,0,4,0.48,Yes,No
10303,668.93,S,UTILITY,0,4,0.48,Yes,No
10304,1358.97,S,PARK,0.8,8,0.48,Yes,Yes
10304,1358.97,S,PARK,0.8,8,0.48,Yes,Yes
10304,1358.97,S,PARK,0.8,8,0.48,Yes,Yes
10304,1358.97,S,PARK,0.8,8,0.48,Yes,Yes
10304,1358.97,S,PARK,0.8,8,0.48,Yes,Yes
10306,97.87,S,OFFICE BLD,0,0.48,0.48,Yes,No
10306,97.87,S,OFFICE BLD,0,0.48,0.48,Yes,No
10310,97.87,S,OFFICE BLD,0,0.48,0.48,Yes,No
10310,97.87,S,OFFICE BLD,0,0.48,0.48,Yes,No
10316,363.91,S,CONTRACTOR,0,2,0,No,No
10317,505.47,S,AUTO,0.96,2,6.48,Yes,Yes
10317,505.47,S,AUTO,0.96,2,6.48,Yes,Yes
10317,505.47,S,AUTO,0.96,2,6.48,Yes,Yes
10317,505.47,S,AUTO,0.96,2,6.48,Yes,Yes
10317,505.47,S,AUTO,0.96,2,6.48,Yes,Yes
10318,668.93,S,UTILITY,0,4,0.48,Yes,No
10318,668.93,S,UTILITY,0,4,0.48,Yes,No
10321,743.93,S,AUTO,0.48,4,4.48,Yes,Yes
10321,743.93,S,AUTO,0.48,4,4.48,Yes,Yes
10321,743.93,S,AUTO,0.48,4,4.48,Yes,Yes
10321,743.93,S,AUTO,0.48,4,4.48,Yes,Yes
10323,1843.37,S,MULTIFAMIL,0.48,4.48,0.48,Yes,Yes
10323,1843.37,S,MULTIFAMIL,0.48,4.48,0.48,Yes,Yes
10323,1843.37,S,MULTIFAMIL,0.48,4.48,0.48,Yes,Yes
10323,1843.37,S,MULTIFAMIL,0.48,4.48,0.48,Yes,Yes
10325,97.87,S,COMMUNITY,0.48,0.48,0.48,Yes,Yes
10325,97.87,S,COMMUNITY,0.48,0.48,0.48,Yes,Yes
10325,97.87,S,COMMUNITY,0.48,0.48,0.48,Yes,Yes
10327,97.87,S,VINEYARD,0,0.48,0.48,Yes,No
10327,97.87,S,VINEYARD,0,0.48,0.48,Yes,No
10328,1500.79,S,BAKERY,0.96,8,10.4,Yes,Yes
10328,1500.79,S,BAKERY,0.96,8,10.4,Yes,Yes
10328,1500.79,S,BAKERY,0.96,8,10.4,Yes,Yes
10328,1500.79,S,BAKERY,0.96,8,10.4,Yes,Yes
10328,1500.79,S,BAKERY,0.96,8,10.4,Yes,Yes
10328,1500.79,S,BAKERY,0.96,8,10.4,Yes,Yes
10328,1500.79,S,BAKERY,0.96,8,10.4,Yes,Yes
10328,1500.79,S,BAKERY,0.96,8,10.4,Yes,Yes
10328,1500.79,S,BAKERY,0.96,8,10.4,Yes,Yes
10328,1500.79,S,BAKERY,0.96,8,10.4,Yes,Yes
10328,1500.79,S,BAKERY,0.96,8,10.4,Yes,Yes
10328,1500.79,S,BAKERY,0.96,8,10.4,Yes,Yes
10333,195.75,S,MULTIFAMIL,0.48,0.96,0.96,Yes,Yes
10333,195.75,S,MULTIFAMIL,0.48,0.96,0.96,Yes,Yes
10333,195.75,S,MULTIFAMIL,0.48,0.96,0.96,Yes,Yes
10333,195.75,S,MULTIFAMIL,0.48,0.96,0.96,Yes,Yes
10333,195.75,S,MULTIFAMIL,0.48,0.96,0.96,Yes,Yes
10333,195.75,S,MULTIFAMIL,0.48,0.96,0.96,Yes,Yes
10334,363.91,S,GROCERY,0.48,2,0.48,Yes,Yes
10334,363.91,S,GROCERY,0.48,2,0.48,Yes,Yes
10334,363.91,S,GROCERY,0.48,2,0.48,Yes,Yes
10335,363.91,S,SCHOOL,0.48,2,1.44,Yes,Yes
10335,363.91,S,SCHOOL,0.48,2,1.44,Yes,Yes
10335,363.91,S,SCHOOL,0.48,2,1.44,Yes,Yes
10335,363.91,S,SCHOOL,0.48,2,1.44,Yes,Yes
10335,363.91,S,SCHOOL,0.48,2,1.44,Yes,Yes
10340,97.87,S,OFFICE BLD,0.48,0.48,0.48,Yes,Yes
10340,97.87,S,OFFICE BLD,0.48,0.48,0.48,Yes,Yes
10340,97.87,S,OFFICE BLD,0.48,0.48,0.48,Yes,Yes
10342,391.48,S,MEDICAL,0.48,0.96,0.48,Yes,Yes
10342,391.48,S,MEDICAL,0.48,0.96,0.48,Yes,Yes
10342,391.48,S,MEDICAL,0.48,0.96,0.48,Yes,Yes
10342,391.48,S,MEDICAL,0.48,0.96,0.48,Yes,Yes
10343,3208.23,S,HOA,4,12,10,Yes,Yes
10343,3208.23,S,HOA,4,12,10,Yes,Yes
10343,3208.23,S,HOA,4,12,10,Yes,Yes
10343,3208.23,S,HOA,4,12,10,Yes,Yes
10343,3208.23,S,HOA,4,12,10,Yes,Yes
10344,7013.3,S,MOBILEHOME,0,0.16,0.48,Yes,No
10344,7013.3,S,MOBILEHOME,0,0.16,0.48,Yes,No
10345,668.93,S,INDUSTRIAL,0,4,0.48,Yes,No
10345,668.93,S,INDUSTRIAL,0,4,0.48,Yes,No
10346,363.91,S,WINERY,0,2,0.48,Yes,No
10346,363.91,S,WINERY,0,2,0.48,Yes,No
10347,2036.81,S,NRSG HOME,0.96,12,0.48,Yes,Yes
10347,2036.81,S,NRSG HOME,0.96,12,0.48,Yes,Yes
10347,2036.81,S,NRSG HOME,0.96,12,0.48,Yes,Yes
10347,2036.81,S,NRSG HOME,0.96,12,0.48,Yes,Yes
10347,2036.81,S,NRSG HOME,0.96,12,0.48,Yes,Yes
10347,2036.81,S,NRSG HOME,0.96,12,0.48,Yes,Yes
10348,1170.63,S,MULTIFAMIL,0,4,4,Yes,No
10348,1170.63,S,MULTIFAMIL,0,4,4,Yes,No
10349,413.91,S,MULTIFAMIL,0.48,2,0.48,Yes,Yes
10349,413.91,S,MULTIFAMIL,0.48,2,0.48,Yes,Yes
10349,413.91,S,MULTIFAMIL,0.48,2,0.48,Yes,Yes
10355,668.93,S,OFFICE BLD,0.48,4,0.48,Yes,Yes
10355,668.93,S,OFFICE BLD,0.48,4,0.48,Yes,Yes
10355,668.93,S,OFFICE BLD,0.48,4,0.48,Yes,Yes
10366,506.7,C,MULTIFAMIL,0,0.48,0,No,No
10368,1658.21,COUNTY,LODGING-FW,0.96,4,4,Yes,Yes
10368,1658.21,COUNTY,LODGING-FW,0.96,4,4,Yes,Yes
10368,1658.21,COUNTY,LODGING-FW,0.96,4,4,Yes,Yes
10368,1658.21,COUNTY,LODGING-FW,0.96,4,4,Yes,Yes
10368,1658.21,COUNTY,LODGING-FW,0.96,4,4,Yes,Yes
10373,363.91,S,CHURCH,0.8,2,0.96,Yes,Yes
10373,363.91,S,CHURCH,0.8,2,0.96,Yes,Yes
10373,363.91,S,CHURCH,0.8,2,0.96,Yes,Yes
10373,363.91,S,CHURCH,0.8,2,0.96,Yes,Yes
10373,363.91,S,CHURCH,0.8,2,0.96,Yes,Yes
10374,363.91,S,COMMUNITY,0,2,0.96,Yes,No
10374,363.91,S,COMMUNITY,0,2,0.96,Yes,No
10374,363.91,S,COMMUNITY,0,2,0.96,Yes,No
10378,430.47,S,CHURCH,0.96,2,0.48,Yes,Yes
10378,430.47,S,CHURCH,0.96,2,0.48,Yes,Yes
10378,430.47,S,CHURCH,0.96,2,0.48,Yes,Yes
10378,430.47,S,CHURCH,0.96,2,0.48,Yes,Yes
10383,2804.07,S,OFFICE BLD,0,18,0.48,Yes,No
10383,2804.07,S,OFFICE BLD,0,18,0.48,Yes,No
10383,2804.07,S,OFFICE BLD,0,18,0.48,Yes,No
10383,2804.07,S,OFFICE BLD,0,18,0.48,Yes,No
10384,363.91,S,CONTRACTOR,0,2,0.48,Yes,No
10384,363.91,S,CONTRACTOR,0,2,0.48,Yes,No
10390,101.24,Y,CHURCH,0.48,0.48,0.48,Yes,Yes
10390,101.24,Y,CHURCH,0.48,0.48,0.48,Yes,Yes
10390,101.24,Y,CHURCH,0.48,0.48,0.48,Yes,Yes
10394,8471.2,Y,MOBILEHOME,0.48,0.64,0.96,Yes,Yes
10394,8471.2,Y,MOBILEHOME,0.48,0.64,0.96,Yes,Yes
10394,8471.2,Y,MOBILEHOME,0.48,0.64,0.96,Yes,Yes
10394,8471.2,Y,MOBILEHOME,0.48,0.64,0.96,Yes,Yes
10394,8471.2,Y,MOBILEHOME,0.48,0.64,0.96,Yes,Yes
10395,1601.16,Y,LODGING,0.32,8,4.48,Yes,Yes
10395,1601.16,Y,LODGING,0.32,8,4.48,Yes,Yes
10395,1601.16,Y,LODGING,0.32,8,4.48,Yes,Yes
10395,1601.16,Y,LODGING,0.32,8,4.48,Yes,Yes
10395,1601.16,Y,LODGING,0.32,8,4.48,Yes,Yes
10400,101.24,Y,OFFICE BLD,0,0.48,0.48,Yes,No
10400,101.24,Y,OFFICE BLD,0,0.48,0.48,Yes,No
10403,1548.35,Y,STRIP MALL,0,0.48,8.48,Yes,No
10403,1548.35,Y,STRIP MALL,0,0.48,8.48,Yes,No
10403,1548.35,Y,STRIP MALL,0,0.48,8.48,Yes,No
10403,1548.35,Y,STRIP MALL,0,0.48,8.48,Yes,No
10410,103.93,C,LODGING-FW,0.48,0.48,0.48,Yes,Yes
10410,103.93,C,LODGING-FW,0.48,0.48,0.48,Yes,Yes
10410,103.93,C,LODGING-FW,0.48,0.48,0.48,Yes,Yes
10411,802.51,C,LODGING,0.48,0.48,12.48,Yes,Yes
10411,802.51,C,LODGING,0.48,0.48,12.48,Yes,Yes
10411,802.51,C,LODGING,0.48,0.48,12.48,Yes,Yes
10411,802.51,C,LODGING,0.48,0.48,12.48,Yes,Yes
10411,802.51,C,LODGING,0.48,0.48,12.48,Yes,Yes
10418,101.24,Y,CHURCH,0.48,0.48,0.48,Yes,Yes
10418,101.24,Y,CHURCH,0.48,0.48,0.48,Yes,Yes
10418,101.24,Y,CHURCH,0.48,0.48,0.48,Yes,Yes
10427,839.35,Y,COMMUNITY,0,4,0.48,Yes,No
10427,839.35,Y,COMMUNITY,0,4,0.48,Yes,No
10432,1649.14,Y,NRSG HOME,1.92,8,1.44,Yes,Yes
10432,1649.14,Y,NRSG HOME,1.92,8,1.44,Yes,Yes
10432,1649.14,Y,NRSG HOME,1.92,8,1.44,Yes,Yes
10432,1649.14,Y,NRSG HOME,1.92,8,1.44,Yes,Yes
10432,1649.14,Y,NRSG HOME,1.92,8,1.44,Yes,Yes
10432,1649.14,Y,NRSG HOME,1.92,8,1.44,Yes,Yes
10432,1649.14,Y,NRSG HOME,1.92,8,1.44,Yes,Yes
10432,1649.14,Y,NRSG HOME,1.92,8,1.44,Yes,Yes
10432,1649.14,Y,NRSG HOME,1.92,8,1.44,Yes,Yes
10433,482.56,COUNTY,MEMBER,0,2,0,No,No
10435,890.4,COUNTY,VINEYARD,0,4,1.44,Yes,No
10435,890.4,COUNTY,VINEYARD,0,4,1.44,Yes,No
10435,890.4,COUNTY,VINEYARD,0,4,1.44,Yes,No
10435,890.4,COUNTY,VINEYARD,0,4,1.44,Yes,No
10438,1966.06,COUNTY,GROUP HOME,0.64,6,5.440000000000001,Yes,Yes
10438,1966.06,COUNTY,GROUP HOME,0.64,6,5.440000000000001,Yes,Yes
10438,1966.06,COUNTY,GROUP HOME,0.64,6,5.440000000000001,Yes,Yes
10438,1966.06,COUNTY,GROUP HOME,0.64,6,5.440000000000001,Yes,Yes
10438,1966.06,COUNTY,GROUP HOME,0.64,6,5.440000000000001,Yes,Yes
10438,1966.06,COUNTY,GROUP HOME,0.64,6,5.440000000000001,Yes,Yes
10438,1966.06,COUNTY,GROUP HOME,0.64,6,5.440000000000001,Yes,Yes
10442,1585.28,COUNTY,INDUSTRIAL,0,4,5.440000000000001,Yes,No
10442,1585.28,COUNTY,INDUSTRIAL,0,4,5.440000000000001,Yes,No
10442,1585.28,COUNTY,INDUSTRIAL,0,4,5.440000000000001,Yes,No
10442,1585.28,COUNTY,INDUSTRIAL,0,4,5.440000000000001,Yes,No
10442,1585.28,COUNTY,INDUSTRIAL,0,4,5.440000000000001,Yes,No
10445,1488.25,COUNTY,WINERY,0,6,8.48,Yes,No
10445,1488.25,COUNTY,WINERY,0,6,8.48,Yes,No
10445,1488.25,COUNTY,WINERY,0,6,8.48,Yes,No
10445,1488.25,COUNTY,WINERY,0,6,8.48,Yes,No
10448,3499.08,COUNTY,HOSPITAL,0,0.16,0,No,No
10453,482.56,COUNTY,MOBILEHOME,0.48,2,1.44,Yes,Yes
10453,482.56,COUNTY,MOBILEHOME,0.48,2,1.44,Yes,Yes
10453,482.56,COUNTY,MOBILEHOME,0.48,2,1.44,Yes,Yes
10453,482.56,COUNTY,MOBILEHOME,0.48,2,1.44,Yes,Yes
10453,482.56,COUNTY,MOBILEHOME,0.48,2,1.44,Yes,Yes
10459,482.56,COUNTY,HOSPITAL,0,2,0.48,Yes,No
10459,482.56,COUNTY,HOSPITAL,0,2,0.48,Yes,No
10461,890.4,COUNTY,WINERY,1.28,4,0.96,Yes,Yes
10461,890.4,COUNTY,WINERY,1.28,4,0.96,Yes,Yes
10461,890.4,COUNTY,WINERY,1.28,4,0.96,Yes,Yes
10461,890.4,COUNTY,WINERY,1.28,4,0.96,Yes,Yes
10461,890.4,COUNTY,WINERY,1.28,4,0.96,Yes,Yes
10461,890.4,COUNTY,WINERY,1.28,4,0.96,Yes,Yes
10471,965.4,COUNTY,POLICEFIRE,0.48,4,4.48,Yes,Yes
10471,965.4,COUNTY,POLICEFIRE,0.48,4,4.48,Yes,Yes
10471,965.4,COUNTY,POLICEFIRE,0.48,4,4.48,Yes,Yes
10471,965.4,COUNTY,POLICEFIRE,0.48,4,4.48,Yes,Yes
10475,965.4,COUNTY,WINERY,0,4,6.96,Yes,No
10475,965.4,COUNTY,WINERY,0,4,6.96,Yes,No
10475,965.4,COUNTY,WINERY,0,4,6.96,Yes,No
10475,965.4,COUNTY,WINERY,0,4,6.96,Yes,No
10480,134.57,COUNTY,SCHOOL,0.48,0.48,0.48,Yes,Yes
10480,134.57,COUNTY,SCHOOL,0.48,0.48,0.48,Yes,Yes
10480,134.57,COUNTY,SCHOOL,0.48,0.48,0.48,Yes,Yes
10483,890.4,COUNTY,VINEYARD,0,4,1.44,Yes,No
10483,890.4,COUNTY,VINEYARD,0,4,1.44,Yes,No
10483,890.4,COUNTY,VINEYARD,0,4,1.44,Yes,No
10483,890.4,COUNTY,VINEYARD,0,4,1.44,Yes,No
10487,482.56,COUNTY,CHURCH,0.48,2,0.48,Yes,Yes
10487,482.56,COUNTY,CHURCH,0.48,2,0.48,Yes,Yes
10487,482.56,COUNTY,CHURCH,0.48,2,0.48,Yes,Yes
10488,699.2,COUNTY,SCHOOL,0.48,0.96,0.64,Yes,Yes
10488,699.2,COUNTY,SCHOOL,0.48,0.96,0.64,Yes,Yes
10488,699.2,COUNTY,SCHOOL,0.48,0.96,0.64,Yes,Yes
10488,699.2,COUNTY,SCHOOL,0.48,0.96,0.64,Yes,Yes
10488,699.2,COUNTY,SCHOOL,0.48,0.96,0.64,Yes,Yes
10490,482.56,COUNTY,SCHOOL,1.44,2,3.04,Yes,Yes
10490,482.56,COUNTY,SCHOOL,1.44,2,3.04,Yes,Yes
10490,482.56,COUNTY,SCHOOL,1.44,2,3.04,Yes,Yes
10490,482.56,COUNTY,SCHOOL,1.44,2,3.04,Yes,Yes
10490,482.56,COUNTY,SCHOOL,1.44,2,3.04,Yes,Yes
10490,482.56,COUNTY,SCHOOL,1.44,2,3.04,Yes,Yes
10490,482.56,COUNTY,SCHOOL,1.44,2,3.04,Yes,Yes
10490,482.56,COUNTY,SCHOOL,1.44,2,3.04,Yes,Yes
10490,482.56,COUNTY,SCHOOL,1.44,2,3.04,Yes,Yes
10490,482.56,COUNTY,SCHOOL,1.44,2,3.04,Yes,Yes
10490,482.56,COUNTY,SCHOOL,1.44,2,3.04,Yes,Yes
10500,363.91,S,MINI MART,0,2,0.48,Yes,No
10500,363.91,S,MINI MART,0,2,0.48,Yes,No
10503,667.81,COUNTY,VINEYARD,0,0,4,Yes,No
10507,965.4,COUNTY,WINERY,0.48,4,6.48,Yes,Yes
10507,965.4,COUNTY,WINERY,0.48,4,6.48,Yes,Yes
10507,965.4,COUNTY,WINERY,0.48,4,6.48,Yes,Yes
10507,965.4,COUNTY,WINERY,0.48,4,6.48,Yes,Yes
10510,1447.1,COUNTY,VINEYARD,0,4,0,No,No
10512,134.57,COUNTY,WINERY,0.48,0.48,0.48,Yes,Yes
10512,134.57,COUNTY,WINERY,0.48,0.48,0.48,Yes,Yes
10512,134.57,COUNTY,WINERY,0.48,0.48,0.48,Yes,Yes
10516,890.4,COUNTY,VINEYARD,0,4,1.44,Yes,No
10516,890.4,COUNTY,VINEYARD,0,4,1.44,Yes,No
10516,890.4,COUNTY,VINEYARD,0,4,1.44,Yes,No
10516,890.4,COUNTY,VINEYARD,0,4,1.44,Yes,No
10519,0,COUNTY,WINERY,0,3.5,7,Yes,No
10519,0,COUNTY,WINERY,0,3.5,7,Yes,No
10519,0,COUNTY,WINERY,0,3.5,7,Yes,No
10521,2440.1,COUNTY,WINERY,6,6,11.44,Yes,Yes
10521,2440.1,COUNTY,WINERY,6,6,11.44,Yes,Yes
10521,2440.1,COUNTY,WINERY,6,6,11.44,Yes,Yes
10521,2440.1,COUNTY,WINERY,6,6,11.44,Yes,Yes
10521,2440.1,COUNTY,WINERY,6,6,11.44,Yes,Yes
10521,2440.1,COUNTY,WINERY,6,6,11.44,Yes,Yes
10521,2440.1,COUNTY,WINERY,6,6,11.44,Yes,Yes
10521,2440.1,COUNTY,WINERY,6,6,11.44,Yes,Yes
10521,2440.1,COUNTY,WINERY,6,6,11.44,Yes,Yes
10522,134.57,COUNTY,POSTOFFICE,0,0.48,0.48,Yes,No
10522,134.57,COUNTY,POSTOFFICE,0,0.48,0.48,Yes,No
10523,1708.21,COUNTY,WINERY,0,4,12.48,Yes,No
10523,1708.21,COUNTY,WINERY,0,4,12.48,Yes,No
10523,1708.21,COUNTY,WINERY,0,4,12.48,Yes,No
10523,1708.21,COUNTY,WINERY,0,4,12.48,Yes,No
10523,1708.21,COUNTY,WINERY,0,4,12.48,Yes,No
10524,1373.25,COUNTY,GROCERY,0.96,6,4,Yes,Yes
10524,1373.25,COUNTY,GROCERY,0.96,6,4,Yes,Yes
10524,1373.25,COUNTY,GROCERY,0.96,6,4,Yes,Yes
10524,1373.25,COUNTY,GROCERY,0.96,6,4,Yes,Yes
10524,1373.25,COUNTY,GROCERY,0.96,6,4,Yes,Yes
10525,3579.43,COUNTY,WINERY,0.64,6,4,Yes,Yes
10525,3579.43,COUNTY,WINERY,0.64,6,4,Yes,Yes
10525,3579.43,COUNTY,WINERY,0.64,6,4,Yes,Yes
10525,3579.43,COUNTY,WINERY,0.64,6,4,Yes,Yes
10531,2532.43,COUNTY,VINEYARD,0,4,4,Yes,No
10531,2532.43,COUNTY,VINEYARD,0,4,4,Yes,No
10532,2721.53,COUNTY,WINERY,4,6,15.44,Yes,Yes
10532,2721.53,COUNTY,WINERY,4,6,15.44,Yes,Yes
10532,2721.53,COUNTY,WINERY,4,6,15.44,Yes,Yes
10532,2721.53,COUNTY,WINERY,4,6,15.44,Yes,Yes
10532,2721.53,COUNTY,WINERY,4,6,15.44,Yes,Yes
10532,2721.53,COUNTY,WINERY,4,6,15.44,Yes,Yes
10532,2721.53,COUNTY,WINERY,4,6,15.44,Yes,Yes
10532,2721.53,COUNTY,WINERY,4,6,15.44,Yes,Yes
10535,890.4,COUNTY,VINEYARD,0,4,0.48,Yes,No
10535,890.4,COUNTY,VINEYARD,0,4,0.48,Yes,No
10550,363.91,S,AUTO,0,2,0.48,Yes,No
10550,363.91,S,AUTO,0,2,0.48,Yes,No
10553,405.39,S,CONTRACTOR,0.96,0,0.96,Yes,Yes
10553,405.39,S,CONTRACTOR,0.96,0,0.96,Yes,Yes
10553,405.39,S,CONTRACTOR,0.96,0,0.96,Yes,Yes
10553,405.39,S,CONTRACTOR,0.96,0,0.96,Yes,Yes
10556,1197.36,S,WINERY,0,6,12.96,Yes,No
10556,1197.36,S,WINERY,0,6,12.96,Yes,No
10556,1197.36,S,WINERY,0,6,12.96,Yes,No
10556,1197.36,S,WINERY,0,6,12.96,Yes,No
10556,1197.36,S,WINERY,0,6,12.96,Yes,No
10556,1197.36,S,WINERY,0,6,12.96,Yes,No
10558,2327.97,Y,GROCERY,0.96,12,18.48,Yes,Yes
10558,2327.97,Y,GROCERY,0.96,12,18.48,Yes,Yes
10558,2327.97,Y,GROCERY,0.96,12,18.48,Yes,Yes
10558,2327.97,Y,GROCERY,0.96,12,18.48,Yes,Yes
10558,2327.97,Y,GROCERY,0.96,12,18.48,Yes,Yes
10558,2327.97,Y,GROCERY,0.96,12,18.48,Yes,Yes
10558,2327.97,Y,GROCERY,0.96,12,18.48,Yes,Yes
10558,2327.97,Y,GROCERY,0.96,12,18.48,Yes,Yes
10558,2327.97,Y,GROCERY,0.96,12,18.48,Yes,Yes
10558,2327.97,Y,GROCERY,0.96,12,18.48,Yes,Yes
10561,1861.82,Y,MULTIFAMIL,1.92,8,4.48,Yes,Yes
10561,1861.82,Y,MULTIFAMIL,1.92,8,4.48,Yes,Yes
10561,1861.82,Y,MULTIFAMIL,1.92,8,4.48,Yes,Yes
10561,1861.82,Y,MULTIFAMIL,1.92,8,4.48,Yes,Yes
10561,1861.82,Y,MULTIFAMIL,1.92,8,4.48,Yes,Yes
10561,1861.82,Y,MULTIFAMIL,1.92,8,4.48,Yes,Yes
10561,1861.82,Y,MULTIFAMIL,1.92,8,4.48,Yes,Yes
10561,1861.82,Y,MULTIFAMIL,1.92,8,4.48,Yes,Yes
10579,171.28,S,MEMBER,0,0.48,0.96,Yes,No
10579,171.28,S,MEMBER,0,0.48,0.96,Yes,No
10579,171.28,S,MEMBER,0,0.48,0.96,Yes,No
10613,482.56,COUNTY,CONTRACTOR,0,2,0,No,No
10626,438.91,S,HOME IMPRO,0,2,8,Yes,No
10626,438.91,S,HOME IMPRO,0,2,8,Yes,No
10626,438.91,S,HOME IMPRO,0,2,8,Yes,No
10628,515.46,C,MEDICAL,0.48,2,1.92,Yes,Yes
10628,515.46,C,MEDICAL,0.48,2,1.92,Yes,Yes
10628,515.46,C,MEDICAL,0.48,2,1.92,Yes,Yes
10628,515.46,C,MEDICAL,0.48,2,1.92,Yes,Yes
10628,515.46,C,MEDICAL,0.48,2,1.92,Yes,Yes
10628,515.46,C,MEDICAL,0.48,2,1.92,Yes,Yes
10638,413.91,S,OFFICE BLD,0,2,0.48,Yes,No
10638,413.91,S,OFFICE BLD,0,2,0.48,Yes,No
10642,363.91,S,LODGING,0,2,0.48,Yes,No
10642,363.91,S,LODGING,0,2,0.48,Yes,No
10648,1788.94,COUNTY,WINERY,0.32,4,5.4399999999999995,Yes,Yes
10648,1788.94,COUNTY,WINERY,0.32,4,5.4399999999999995,Yes,Yes
10648,1788.94,COUNTY,WINERY,0.32,4,5.4399999999999995,Yes,Yes
10648,1788.94,COUNTY,WINERY,0.32,4,5.4399999999999995,Yes,Yes
10648,1788.94,COUNTY,WINERY,0.32,4,5.4399999999999995,Yes,Yes
10648,1788.94,COUNTY,WINERY,0.32,4,5.4399999999999995,Yes,Yes
10648,1788.94,COUNTY,WINERY,0.32,4,5.4399999999999995,Yes,Yes
10669,233.06,COUNTY,WINERY,0,0.32,0.48,Yes,No
10669,233.06,COUNTY,WINERY,0,0.32,0.48,Yes,No
10730,1856.1,COUNTY,WINERY,0,8,8.96,Yes,No
10730,1856.1,COUNTY,WINERY,0,8,8.96,Yes,No
10730,1856.1,COUNTY,WINERY,0,8,8.96,Yes,No
10730,1856.1,COUNTY,WINERY,0,8,8.96,Yes,No
10730,1856.1,COUNTY,WINERY,0,8,8.96,Yes,No
10730,1856.1,COUNTY,WINERY,0,8,8.96,Yes,No
10771,1040.4,COUNTY,WINERY,0,4,12,Yes,No
10771,1040.4,COUNTY,WINERY,0,4,12,Yes,No
10771,1040.4,COUNTY,WINERY,0,4,12,Yes,No
10771,1040.4,COUNTY,WINERY,0,4,12,Yes,No
10778,32.62,S,ENTERTAINM,0,0.16,0.48,Yes,No
10778,32.62,S,ENTERTAINM,0,0.16,0.48,Yes,No
10791,131.25,COUNTY,WINERY,0.48,0.32,0.48,Yes,Yes
10791,131.25,COUNTY,WINERY,0.48,0.32,0.48,Yes,Yes
10791,131.25,COUNTY,WINERY,0.48,0.32,0.48,Yes,Yes
10831,503.88,S,OFFICE BLD,0.96,2,0.96,Yes,Yes
10831,503.88,S,OFFICE BLD,0.96,2,0.96,Yes,Yes
10831,503.88,S,OFFICE BLD,0.96,2,0.96,Yes,Yes
10831,503.88,S,OFFICE BLD,0.96,2,0.96,Yes,Yes
10831,503.88,S,OFFICE BLD,0.96,2,0.96,Yes,Yes
10870,1040.4,COUNTY,WINERY,0,4,10,Yes,No
10870,1040.4,COUNTY,WINERY,0,4,10,Yes,No
10870,1040.4,COUNTY,WINERY,0,4,10,Yes,No
10922,1353.97,S,OFFICE BLD,0,8,4.48,Yes,No
10922,1353.97,S,OFFICE BLD,0,8,4.48,Yes,No
10922,1353.97,S,OFFICE BLD,0,8,4.48,Yes,No
10922,1353.97,S,OFFICE BLD,0,8,4.48,Yes,No
10924,89.71,COUNTY,HOME IMPRO,0.48,0.32,0.48,Yes,Yes
10924,89.71,COUNTY,HOME IMPRO,0.48,0.32,0.48,Yes,Yes
10924,89.71,COUNTY,HOME IMPRO,0.48,0.32,0.48,Yes,Yes
10929,134.57,COUNTY,WINERY,0.48,0.48,0.48,Yes,Yes
10929,134.57,COUNTY,WINERY,0.48,0.48,0.48,Yes,Yes
10929,134.57,COUNTY,WINERY,0.48,0.48,0.48,Yes,Yes
10959,813.49,COUNTY,WINERY,0.8,2,11.92,Yes,Yes
10959,813.49,COUNTY,WINERY,0.8,2,11.92,Yes,Yes
10959,813.49,COUNTY,WINERY,0.8,2,11.92,Yes,Yes
10959,813.49,COUNTY,WINERY,0.8,2,11.92,Yes,Yes
10959,813.49,COUNTY,WINERY,0.8,2,11.92,Yes,Yes
10959,813.49,COUNTY,WINERY,0.8,2,11.92,Yes,Yes
10959,813.49,COUNTY,WINERY,0.8,2,11.92,Yes,Yes
10959,813.49,COUNTY,WINERY,0.8,2,11.92,Yes,Yes
10959,813.49,COUNTY,WINERY,0.8,2,11.92,Yes,Yes
10964,743.93,S,UTILITY,0,4,4.48,Yes,No
10964,743.93,S,UTILITY,0,4,4.48,Yes,No
10964,743.93,S,UTILITY,0,4,4.48,Yes,No
11025,202.68,C,MULTIFAMIL,0.48,0.16,1.92,Yes,Yes
11025,202.68,C,MULTIFAMIL,0.48,0.16,1.92,Yes,Yes
11025,202.68,C,MULTIFAMIL,0.48,0.16,1.92,Yes,Yes
11025,202.68,C,MULTIFAMIL,0.48,0.16,1.92,Yes,Yes
11025,202.68,C,MULTIFAMIL,0.48,0.16,1.92,Yes,Yes
11025,202.68,C,MULTIFAMIL,0.48,0.16,1.92,Yes,Yes
11049,2032.03,COUNTY,WINERY,0,8,21.92,Yes,No
11049,2032.03,COUNTY,WINERY,0,8,21.92,Yes,No
11049,2032.03,COUNTY,WINERY,0,8,21.92,Yes,No
11049,2032.03,COUNTY,WINERY,0,8,21.92,Yes,No
11049,2032.03,COUNTY,WINERY,0,8,21.92,Yes,No
11049,2032.03,COUNTY,WINERY,0,8,21.92,Yes,No
11049,2032.03,COUNTY,WINERY,0,8,21.92,Yes,No
11049,2032.03,COUNTY,WINERY,0,8,21.92,Yes,No
11049,2032.03,COUNTY,WINERY,0,8,21.92,Yes,No
11049,2032.03,COUNTY,WINERY,0,8,21.92,Yes,No
11049,2032.03,COUNTY,WINERY,0,8,21.92,Yes,No
11086,482.56,COUNTY,VINEYARD,0.48,2,0.48,Yes,Yes
11086,482.56,COUNTY,VINEYARD,0.48,2,0.48,Yes,Yes
11086,482.56,COUNTY,VINEYARD,0.48,2,0.48,Yes,Yes
11110,103.93,C,MEDICAL,0.48,0.48,0,No,Yes
11110,103.93,C,MEDICAL,0.48,0.48,0,No,Yes
11132,168.9,C,MULTIFAMIL,2.4,0.16,2.4,Yes,Yes
11132,168.9,C,MULTIFAMIL,2.4,0.16,2.4,Yes,Yes
11132,168.9,C,MULTIFAMIL,2.4,0.16,2.4,Yes,Yes
11132,168.9,C,MULTIFAMIL,2.4,0.16,2.4,Yes,Yes
11132,168.9,C,MULTIFAMIL,2.4,0.16,2.4,Yes,Yes
11132,168.9,C,MULTIFAMIL,2.4,0.16,2.4,Yes,Yes
11132,168.9,C,MULTIFAMIL,2.4,0.16,2.4,Yes,Yes
11132,168.9,C,MULTIFAMIL,2.4,0.16,2.4,Yes,Yes
11132,168.9,C,MULTIFAMIL,2.4,0.16,2.4,Yes,Yes
11132,168.9,C,MULTIFAMIL,2.4,0.16,2.4,Yes,Yes
11132,168.9,C,MULTIFAMIL,2.4,0.16,2.4,Yes,Yes
11147,7995.2,C,MOBILEHOME,0.48,0.16,1.44,Yes,Yes
11147,7995.2,C,MOBILEHOME,0.48,0.16,1.44,Yes,Yes
11147,7995.2,C,MOBILEHOME,0.48,0.16,1.44,Yes,Yes
11147,7995.2,C,MOBILEHOME,0.48,0.16,1.44,Yes,Yes
11147,7995.2,C,MOBILEHOME,0.48,0.16,1.44,Yes,Yes
11157,32.62,S,RETAIL,0,0.16,0,No,No
11162,1723.97,COUNTY,WINERY,0.32,4,5.920000000000002,Yes,Yes
11162,1723.97,COUNTY,WINERY,0.32,4,5.920000000000002,Yes,Yes
11162,1723.97,COUNTY,WINERY,0.32,4,5.920000000000002,Yes,Yes
11162,1723.97,COUNTY,WINERY,0.32,4,5.920000000000002,Yes,Yes
11162,1723.97,COUNTY,WINERY,0.32,4,5.920000000000002,Yes,Yes
11162,1723.97,COUNTY,WINERY,0.32,4,5.920000000000002,Yes,Yes
11162,1723.97,COUNTY,WINERY,0.32,4,5.920000000000002,Yes,Yes
11162,1723.97,COUNTY,WINERY,0.32,4,5.920000000000002,Yes,Yes
11174,890.4,COUNTY,WINERY,0.8,4,0.48,Yes,Yes
11174,890.4,COUNTY,WINERY,0.8,4,0.48,Yes,Yes
11174,890.4,COUNTY,WINERY,0.8,4,0.48,Yes,Yes
11174,890.4,COUNTY,WINERY,0.8,4,0.48,Yes,Yes
11224,103.92,C,MULTIFAMIL,0.48,0.48,1.44,Yes,Yes
11224,103.92,C,MULTIFAMIL,0.48,0.48,1.44,Yes,Yes
11224,103.92,C,MULTIFAMIL,0.48,0.48,1.44,Yes,Yes
11224,103.92,C,MULTIFAMIL,0.48,0.48,1.44,Yes,Yes
11224,103.92,C,MULTIFAMIL,0.48,0.48,1.44,Yes,Yes
11224,103.92,C,MULTIFAMIL,0.48,0.48,1.44,Yes,Yes
11224,103.92,C,MULTIFAMIL,0.48,0.48,1.44,Yes,Yes
11255,1048.95,S,SCHOOL,0.48,6,4,Yes,Yes
11255,1048.95,S,SCHOOL,0.48,6,4,Yes,Yes
11255,1048.95,S,SCHOOL,0.48,6,4,Yes,Yes
11256,146.82,S,SCHOOL,1.12,0,1.92,Yes,Yes
11256,146.82,S,SCHOOL,1.12,0,1.92,Yes,Yes
11256,146.82,S,SCHOOL,1.12,0,1.92,Yes,Yes
11256,146.82,S,SCHOOL,1.12,0,1.92,Yes,Yes
11256,146.82,S,SCHOOL,1.12,0,1.92,Yes,Yes
11256,146.82,S,SCHOOL,1.12,0,1.92,Yes,Yes
11256,146.82,S,SCHOOL,1.12,0,1.92,Yes,Yes
11282,97.87,S,COMMUNITY,0.8,0.48,0.48,Yes,Yes
11282,97.87,S,COMMUNITY,0.8,0.48,0.48,Yes,Yes
11282,97.87,S,COMMUNITY,0.8,0.48,0.48,Yes,Yes
11282,97.87,S,COMMUNITY,0.8,0.48,0.48,Yes,Yes
11302,1481.22,S,WINERY,6.48,4,8.48,Yes,Yes
11302,1481.22,S,WINERY,6.48,4,8.48,Yes,Yes
11302,1481.22,S,WINERY,6.48,4,8.48,Yes,Yes
11302,1481.22,S,WINERY,6.48,4,8.48,Yes,Yes
11302,1481.22,S,WINERY,6.48,4,8.48,Yes,Yes
11302,1481.22,S,WINERY,6.48,4,8.48,Yes,Yes
11309,3698.56,COUNTY,WINERY,0,4,22,Yes,No
11309,3698.56,COUNTY,WINERY,0,4,22,Yes,No
11309,3698.56,COUNTY,WINERY,0,4,22,Yes,No
11309,3698.56,COUNTY,WINERY,0,4,22,Yes,No
11309,3698.56,COUNTY,WINERY,0,4,22,Yes,No
11342,435.94,Y,BAR NO FW,0,2,0,No,No
11349,365.88,COUNTY,PARK,0,0.96,0.96,Yes,No
11349,365.88,COUNTY,PARK,0,0.96,0.96,Yes,No
11349,365.88,COUNTY,PARK,0,0.96,0.96,Yes,No
11349,365.88,COUNTY,PARK,0,0.96,0.96,Yes,No
11370,2266.06,COUNTY,WINERY,0.48,6,33.44,Yes,Yes
11370,2266.06,COUNTY,WINERY,0.48,6,33.44,Yes,Yes
11370,2266.06,COUNTY,WINERY,0.48,6,33.44,Yes,Yes
11370,2266.06,COUNTY,WINERY,0.48,6,33.44,Yes,Yes
11370,2266.06,COUNTY,WINERY,0.48,6,33.44,Yes,Yes
11370,2266.06,COUNTY,WINERY,0.48,6,33.44,Yes,Yes
11370,2266.06,COUNTY,WINERY,0.48,6,33.44,Yes,Yes
11370,2266.06,COUNTY,WINERY,0.48,6,33.44,Yes,Yes
11370,2266.06,COUNTY,WINERY,0.48,6,33.44,Yes,Yes
11370,2266.06,COUNTY,WINERY,0.48,6,33.44,Yes,Yes
11370,2266.06,COUNTY,WINERY,0.48,6,33.44,Yes,Yes
11370,2266.06,COUNTY,WINERY,0.48,6,33.44,Yes,Yes
11402,2139.51,C,LODGING-FW,1.4400000000000002,6,14.400000000000002,Yes,Yes
11402,2139.51,C,LODGING-FW,1.4400000000000002,6,14.400000000000002,Yes,Yes
11402,2139.51,C,LODGING-FW,1.4400000000000002,6,14.400000000000002,Yes,Yes
11402,2139.51,C,LODGING-FW,1.4400000000000002,6,14.400000000000002,Yes,Yes
11402,2139.51,C,LODGING-FW,1.4400000000000002,6,14.400000000000002,Yes,Yes
11402,2139.51,C,LODGING-FW,1.4400000000000002,6,14.400000000000002,Yes,Yes
11402,2139.51,C,LODGING-FW,1.4400000000000002,6,14.400000000000002,Yes,Yes
11402,2139.51,C,LODGING-FW,1.4400000000000002,6,14.400000000000002,Yes,Yes
11402,2139.51,C,LODGING-FW,1.4400000000000002,6,14.400000000000002,Yes,Yes
11402,2139.51,C,LODGING-FW,1.4400000000000002,6,14.400000000000002,Yes,Yes
11402,2139.51,C,LODGING-FW,1.4400000000000002,6,14.400000000000002,Yes,Yes
11402,2139.51,C,LODGING-FW,1.4400000000000002,6,14.400000000000002,Yes,Yes
11436,892.19,S,WINERY,4.48,2,0.96,Yes,Yes
11436,892.19,S,WINERY,4.48,2,0.96,Yes,Yes
11436,892.19,S,WINERY,4.48,2,0.96,Yes,Yes
11436,892.19,S,WINERY,4.48,2,0.96,Yes,Yes
11436,892.19,S,WINERY,4.48,2,0.96,Yes,Yes
11451,862.31,C,MULTIFAMIL,0.96,4,0.96,Yes,Yes
11451,862.31,C,MULTIFAMIL,0.96,4,0.96,Yes,Yes
11451,862.31,C,MULTIFAMIL,0.96,4,0.96,Yes,Yes
11451,862.31,C,MULTIFAMIL,0.96,4,0.96,Yes,Yes
11451,862.31,C,MULTIFAMIL,0.96,4,0.96,Yes,Yes
11457,363.91,S,RETAIL,0,2,0.48,Yes,No
11457,363.91,S,RETAIL,0,2,0.48,Yes,No
11474,32.62,S,COMMUNITY,0,0.16,0.48,Yes,No
11474,32.62,S,COMMUNITY,0,0.16,0.48,Yes,No
11483,3450.26,COUNTY,WINERY,0.32,8,16.96,Yes,Yes
11483,3450.26,COUNTY,WINERY,0.32,8,16.96,Yes,Yes
11483,3450.26,COUNTY,WINERY,0.32,8,16.96,Yes,Yes
11483,3450.26,COUNTY,WINERY,0.32,8,16.96,Yes,Yes
11483,3450.26,COUNTY,WINERY,0.32,8,16.96,Yes,Yes
11483,3450.26,COUNTY,WINERY,0.32,8,16.96,Yes,Yes
11483,3450.26,COUNTY,WINERY,0.32,8,16.96,Yes,Yes
11483,3450.26,COUNTY,WINERY,0.32,8,16.96,Yes,Yes
11483,3450.26,COUNTY,WINERY,0.32,8,16.96,Yes,Yes
11512,163.1,S,MULTIFAMIL,0.48,0.16,0.48,Yes,Yes
11512,163.1,S,MULTIFAMIL,0.48,0.16,0.48,Yes,Yes
11512,163.1,S,MULTIFAMIL,0.48,0.16,0.48,Yes,Yes
11513,965.4,COUNTY,WINERY,0.48,4,7.4399999999999995,Yes,Yes
11513,965.4,COUNTY,WINERY,0.48,4,7.4399999999999995,Yes,Yes
11513,965.4,COUNTY,WINERY,0.48,4,7.4399999999999995,Yes,Yes
11513,965.4,COUNTY,WINERY,0.48,4,7.4399999999999995,Yes,Yes
11513,965.4,COUNTY,WINERY,0.48,4,7.4399999999999995,Yes,Yes
11513,965.4,COUNTY,WINERY,0.48,4,7.4399999999999995,Yes,Yes
11522,540.19,COUNTY,WINERY,0,2,1.44,Yes,No
11522,540.19,COUNTY,WINERY,0,2,1.44,Yes,No
11522,540.19,COUNTY,WINERY,0,2,1.44,Yes,No
11522,540.19,COUNTY,WINERY,0,2,1.44,Yes,No
11529,363.91,S,WINERY,0,2,1.44,Yes,No
11529,363.91,S,WINERY,0,2,1.44,Yes,No
11529,363.91,S,WINERY,0,2,1.44,Yes,No
11529,363.91,S,WINERY,0,2,1.44,Yes,No
11531,1308,Y,MEMBER,0,2,6,Yes,No
11531,1308,Y,MEMBER,0,2,6,Yes,No
11536,293.71,COUNTY,WINERY,0,0.48,4.48,Yes,No
11536,293.71,COUNTY,WINERY,0,0.48,4.48,Yes,No
11536,293.71,COUNTY,WINERY,0,0.48,4.48,Yes,No
11554,2671.79,COUNTY,RESTAURANT,2.4,12,22.48,Yes,Yes
11554,2671.79,COUNTY,RESTAURANT,2.4,12,22.48,Yes,Yes
11554,2671.79,COUNTY,RESTAURANT,2.4,12,22.48,Yes,Yes
11554,2671.79,COUNTY,RESTAURANT,2.4,12,22.48,Yes,Yes
11554,2671.79,COUNTY,RESTAURANT,2.4,12,22.48,Yes,Yes
11554,2671.79,COUNTY,RESTAURANT,2.4,12,22.48,Yes,Yes
11554,2671.79,COUNTY,RESTAURANT,2.4,12,22.48,Yes,Yes
11554,2671.79,COUNTY,RESTAURANT,2.4,12,22.48,Yes,Yes
11554,2671.79,COUNTY,RESTAURANT,2.4,12,22.48,Yes,Yes
11554,2671.79,COUNTY,RESTAURANT,2.4,12,22.48,Yes,Yes
11554,2671.79,COUNTY,RESTAURANT,2.4,12,22.48,Yes,Yes
11554,2671.79,COUNTY,RESTAURANT,2.4,12,22.48,Yes,Yes
11554,2671.79,COUNTY,RESTAURANT,2.4,12,22.48,Yes,Yes
11563,33.75,Y,HOA,0,0.16,0.48,Yes,No
11563,33.75,Y,HOA,0,0.16,0.48,Yes,No
11565,363.91,S,LANDSCAPER,0,2,0,No,No
11567,0,COUNTY,WINERY,0,3.5,3.98,Yes,No
11567,0,COUNTY,WINERY,0,3.5,3.98,Yes,No
11567,0,COUNTY,WINERY,0,3.5,3.98,Yes,No
11570,269.13,COUNTY,WINERY,0.48,0.96,1.44,Yes,Yes
11570,269.13,COUNTY,WINERY,0.48,0.96,1.44,Yes,Yes
11570,269.13,COUNTY,WINERY,0.48,0.96,1.44,Yes,Yes
11570,269.13,COUNTY,WINERY,0.48,0.96,1.44,Yes,Yes
11570,269.13,COUNTY,WINERY,0.48,0.96,1.44,Yes,Yes
11570,269.13,COUNTY,WINERY,0.48,0.96,1.44,Yes,Yes
11570,269.13,COUNTY,WINERY,0.48,0.96,1.44,Yes,Yes
11607,284.84,Y,FOURPLEX,0.48,0.48,0.96,Yes,Yes
11607,284.84,Y,FOURPLEX,0.48,0.48,0.96,Yes,Yes
11607,284.84,Y,FOURPLEX,0.48,0.48,0.96,Yes,Yes
11607,284.84,Y,FOURPLEX,0.48,0.48,0.96,Yes,Yes
11643,617.13,COUNTY,OFFICE BLD,0.48,2.48,0.48,Yes,Yes
11643,617.13,COUNTY,OFFICE BLD,0.48,2.48,0.48,Yes,Yes
11643,617.13,COUNTY,OFFICE BLD,0.48,2.48,0.48,Yes,Yes
11643,617.13,COUNTY,OFFICE BLD,0.48,2.48,0.48,Yes,Yes
11664,2116.06,COUNTY,WINERY,0,6,20,Yes,No
11664,2116.06,COUNTY,WINERY,0,6,20,Yes,No
11664,2116.06,COUNTY,WINERY,0,6,20,Yes,No
11664,2116.06,COUNTY,WINERY,0,6,20,Yes,No
11664,2116.06,COUNTY,WINERY,0,6,20,Yes,No
11664,2116.06,COUNTY,WINERY,0,6,20,Yes,No
11689,32.62,S,OFFICE BLD,0,0.16,0.48,Yes,No
11689,32.62,S,OFFICE BLD,0,0.16,0.48,Yes,No
11723,1040.4,COUNTY,WINERY,0,4,8,Yes,No
11723,1040.4,COUNTY,WINERY,0,4,8,Yes,No
11723,1040.4,COUNTY,WINERY,0,4,8,Yes,No
11728,134.57,COUNTY,OFFICE BLD,0,0.48,0.48,Yes,No
11728,134.57,COUNTY,OFFICE BLD,0,0.48,0.48,Yes,No
11731,130.5,S,RETAIL,0,0.64,0.48,Yes,No
11731,130.5,S,RETAIL,0,0.64,0.48,Yes,No
11731,130.5,S,RETAIL,0,0.64,0.48,Yes,No
11739,1121.14,COUNTY,VINEYARD,0,4,0,No,No
11750,195.74,S,CHURCH,0.48,0.48,0.48,Yes,Yes
11750,195.74,S,CHURCH,0.48,0.48,0.48,Yes,Yes
11750,195.74,S,CHURCH,0.48,0.48,0.48,Yes,Yes
11760,4606.93,C,LODGING,0,6,18,Yes,No
11760,4606.93,C,LODGING,0,6,18,Yes,No
11760,4606.93,C,LODGING,0,6,18,Yes,No
11760,4606.93,C,LODGING,0,6,18,Yes,No
11766,3884.06,C,RESTAURANT,0,12,20,Yes,No
11766,3884.06,C,RESTAURANT,0,12,20,Yes,No
11766,3884.06,C,RESTAURANT,0,12,20,Yes,No
11766,3884.06,C,RESTAURANT,0,12,20,Yes,No
11766,3884.06,C,RESTAURANT,0,12,20,Yes,No
11766,3884.06,C,RESTAURANT,0,12,20,Yes,No
11766,3884.06,C,RESTAURANT,0,12,20,Yes,No
11766,3884.06,C,RESTAURANT,0,12,20,Yes,No
11788,1158.56,C,MULTIFAMIL,0.48,6,1.44,Yes,Yes
11788,1158.56,C,MULTIFAMIL,0.48,6,1.44,Yes,Yes
11788,1158.56,C,MULTIFAMIL,0.48,6,1.44,Yes,Yes
11788,1158.56,C,MULTIFAMIL,0.48,6,1.44,Yes,Yes
11788,1158.56,C,MULTIFAMIL,0.48,6,1.44,Yes,Yes
11806,793.4,C,MULTIFAMIL,0,4,0,No,No
11807,557.56,COUNTY,WINERY,0,2,4.48,Yes,No
11807,557.56,COUNTY,WINERY,0,2,4.48,Yes,No
11807,557.56,COUNTY,WINERY,0,2,4.48,Yes,No
11808,97.87,S,OFFICE BLD,0,0.48,0.48,Yes,No
11808,97.87,S,OFFICE BLD,0,0.48,0.48,Yes,No
11841,1522.1,COUNTY,WINERY,0,4,0,No,No
11850,195.74,S,CHURCH,0.48,0.48,0.48,Yes,Yes
11850,195.74,S,CHURCH,0.48,0.48,0.48,Yes,Yes
11850,195.74,S,CHURCH,0.48,0.48,0.48,Yes,Yes
11852,32.62,S,MULTIFAMIL,0.48,0.16,0.48,Yes,Yes
11852,32.62,S,MULTIFAMIL,0.48,0.16,0.48,Yes,Yes
11852,32.62,S,MULTIFAMIL,0.48,0.16,0.48,Yes,Yes
11861,1150.37,COUNTY,WINERY,0.48,2,4,Yes,Yes
11861,1150.37,COUNTY,WINERY,0.48,2,4,Yes,Yes
11861,1150.37,COUNTY,WINERY,0.48,2,4,Yes,Yes
11870,97.87,S,WINERY,0,0.48,0.48,Yes,No
11870,97.87,S,WINERY,0,0.48,0.48,Yes,No
11890,97.87,S,RETAIL,0,0.48,0.48,Yes,No
11890,97.87,S,RETAIL,0,0.48,0.48,Yes,No
11911,318.1,S,RESTAURANT,0.96,0.48,1.92,Yes,Yes
11911,318.1,S,RESTAURANT,0.96,0.48,1.92,Yes,Yes
11911,318.1,S,RESTAURANT,0.96,0.48,1.92,Yes,Yes
11911,318.1,S,RESTAURANT,0.96,0.48,1.92,Yes,Yes
11911,318.1,S,RESTAURANT,0.96,0.48,1.92,Yes,Yes
11911,318.1,S,RESTAURANT,0.96,0.48,1.92,Yes,Yes
11911,318.1,S,RESTAURANT,0.96,0.48,1.92,Yes,Yes
11911,318.1,S,RESTAURANT,0.96,0.48,1.92,Yes,Yes
11920,2596.5,COUNTY,MEDICAL,0,12,3.84,Yes,No
11920,2596.5,COUNTY,MEDICAL,0,12,3.84,Yes,No
11920,2596.5,COUNTY,MEDICAL,0,12,3.84,Yes,No
11920,2596.5,COUNTY,MEDICAL,0,12,3.84,Yes,No
11920,2596.5,COUNTY,MEDICAL,0,12,3.84,Yes,No
11920,2596.5,COUNTY,MEDICAL,0,12,3.84,Yes,No
11920,2596.5,COUNTY,MEDICAL,0,12,3.84,Yes,No
11920,2596.5,COUNTY,MEDICAL,0,12,3.84,Yes,No
11920,2596.5,COUNTY,MEDICAL,0,12,3.84,Yes,No
11920,2596.5,COUNTY,MEDICAL,0,12,3.84,Yes,No
11956,65.25,S,RETAIL,0,0.32,0.48,Yes,No
11956,65.25,S,RETAIL,0,0.32,0.48,Yes,No
11972,2348.22,Y,HOA,0,8,4,Yes,No
11972,2348.22,Y,HOA,0,8,4,Yes,No
11972,2348.22,Y,HOA,0,8,4,Yes,No
11994,506.7,C,MULTIFAMIL,0.48,0.48,1.44,Yes,Yes
11994,506.7,C,MULTIFAMIL,0.48,0.48,1.44,Yes,Yes
11994,506.7,C,MULTIFAMIL,0.48,0.48,1.44,Yes,Yes
11994,506.7,C,MULTIFAMIL,0.48,0.48,1.44,Yes,Yes
11994,506.7,C,MULTIFAMIL,0.48,0.48,1.44,Yes,Yes
12074,103.93,C,UTILITY,0.48,0.48,0.48,Yes,Yes
12074,103.93,C,UTILITY,0.48,0.48,0.48,Yes,Yes
12074,103.93,C,UTILITY,0.48,0.48,0.48,Yes,Yes
12099,97.87,S,DELI/CAFE,0,0.48,0.48,Yes,No
12099,97.87,S,DELI/CAFE,0,0.48,0.48,Yes,No
12171,743.93,S,CATERING,0.96,4,25.439999999999998,Yes,Yes
12171,743.93,S,CATERING,0.96,4,25.439999999999998,Yes,Yes
12171,743.93,S,CATERING,0.96,4,25.439999999999998,Yes,Yes
12171,743.93,S,CATERING,0.96,4,25.439999999999998,Yes,Yes
12171,743.93,S,CATERING,0.96,4,25.439999999999998,Yes,Yes
12171,743.93,S,CATERING,0.96,4,25.439999999999998,Yes,Yes
12171,743.93,S,CATERING,0.96,4,25.439999999999998,Yes,Yes
12171,743.93,S,CATERING,0.96,4,25.439999999999998,Yes,Yes
12171,743.93,S,CATERING,0.96,4,25.439999999999998,Yes,Yes
12171,743.93,S,CATERING,0.96,4,25.439999999999998,Yes,Yes
12171,743.93,S,CATERING,0.96,4,25.439999999999998,Yes,Yes
12188,2011.34,COUNTY,MEMBER,0,8,0.96,Yes,No
12188,2011.34,COUNTY,MEMBER,0,8,0.96,Yes,No
12188,2011.34,COUNTY,MEMBER,0,8,0.96,Yes,No
12188,2011.34,COUNTY,MEMBER,0,8,0.96,Yes,No
12227,3129.38,COUNTY,WINERY,4.640000000000001,8,4,Yes,Yes
12227,3129.38,COUNTY,WINERY,4.640000000000001,8,4,Yes,Yes
12227,3129.38,COUNTY,WINERY,4.640000000000001,8,4,Yes,Yes
12227,3129.38,COUNTY,WINERY,4.640000000000001,8,4,Yes,Yes
12227,3129.38,COUNTY,WINERY,4.640000000000001,8,4,Yes,Yes
12227,3129.38,COUNTY,WINERY,4.640000000000001,8,4,Yes,Yes
12263,139.98,S,CHURCH,0,0.48,0,No,No
12270,605.47,COUNTY,WINERY,4,0,0.48,Yes,Yes
12270,605.47,COUNTY,WINERY,4,0,0.48,Yes,Yes
12276,134.57,COUNTY,VINEYARD,0,0.48,0.48,Yes,No
12276,134.57,COUNTY,VINEYARD,0,0.48,0.48,Yes,No
12317,1532.6,C,MULTIFAMIL,0,4,4,Yes,No
12317,1532.6,C,MULTIFAMIL,0,4,4,Yes,No
12347,482.56,COUNTY,VINEYARD,0.48,2,0.48,Yes,Yes
12347,482.56,COUNTY,VINEYARD,0.48,2,0.48,Yes,Yes
12347,482.56,COUNTY,VINEYARD,0.48,2,0.48,Yes,Yes
12359,1460.92,S,WINERY,0.32,0,12,Yes,Yes
12359,1460.92,S,WINERY,0.32,0,12,Yes,Yes
12359,1460.92,S,WINERY,0.32,0,12,Yes,Yes
12379,34.64,C,RETAIL,0,0.16,0.48,Yes,No
12379,34.64,C,RETAIL,0,0.16,0.48,Yes,No
12383,33.75,Y,WINERY,0,0.16,0.48,Yes,No
12383,33.75,Y,WINERY,0,0.16,0.48,Yes,No
12413,417.56,S,WINERY,0.48,0.48,4.96,Yes,Yes
12413,417.56,S,WINERY,0.48,0.48,4.96,Yes,Yes
12413,417.56,S,WINERY,0.48,0.48,4.96,Yes,Yes
12413,417.56,S,WINERY,0.48,0.48,4.96,Yes,Yes
12413,417.56,S,WINERY,0.48,0.48,4.96,Yes,Yes
12415,2271.94,COUNTY,WINERY,0,6,6,Yes,No
12415,2271.94,COUNTY,WINERY,0,6,6,Yes,No
12446,134.57,COUNTY,WINERY,0.48,0.48,0.48,Yes,Yes
12446,134.57,COUNTY,WINERY,0.48,0.48,0.48,Yes,Yes
12446,134.57,COUNTY,WINERY,0.48,0.48,0.48,Yes,Yes
12469,1558.21,COUNTY,WINERY,0.32,4,4,Yes,Yes
12469,1558.21,COUNTY,WINERY,0.32,4,4,Yes,Yes
12469,1558.21,COUNTY,WINERY,0.32,4,4,Yes,Yes
12470,482.56,COUNTY,POLICEFIRE,0,2,0.48,Yes,No
12470,482.56,COUNTY,POLICEFIRE,0,2,0.48,Yes,No
12520,415.72,C,MEMBER,0,0.48,0.48,Yes,No
12520,415.72,C,MEMBER,0,0.48,0.48,Yes,No
12522,44.86,COUNTY,CONTRACTOR,0,0.16,0.48,Yes,No
12522,44.86,COUNTY,CONTRACTOR,0,0.16,0.48,Yes,No
12731,34.64,C,OFFICE BLD,0,0.16,0.48,Yes,No
12731,34.64,C,OFFICE BLD,0,0.16,0.48,Yes,No
12740,67.49,Y,OFFICE BLD,0.48,0.32,0.48,Yes,Yes
12740,67.49,Y,OFFICE BLD,0.48,0.32,0.48,Yes,Yes
12740,67.49,Y,OFFICE BLD,0.48,0.32,0.48,Yes,Yes
12752,89.71,COUNTY,COMMUNITY,0.48,0.32,0.48,Yes,Yes
12752,89.71,COUNTY,COMMUNITY,0.48,0.32,0.48,Yes,Yes
12752,89.71,COUNTY,COMMUNITY,0.48,0.32,0.48,Yes,Yes
12848,134.57,COUNTY,WINERY,0.48,0.48,0.48,Yes,Yes
12848,134.57,COUNTY,WINERY,0.48,0.48,0.48,Yes,Yes
12848,134.57,COUNTY,WINERY,0.48,0.48,0.48,Yes,Yes
12848,134.57,COUNTY,WINERY,0.48,0.48,0.48,Yes,Yes
12917,810.72,C,MULTIFAMIL,1.44,0.48,0.48,Yes,Yes
12917,810.72,C,MULTIFAMIL,1.44,0.48,0.48,Yes,Yes
12917,810.72,C,MULTIFAMIL,1.44,0.48,0.48,Yes,Yes
12917,810.72,C,MULTIFAMIL,1.44,0.48,0.48,Yes,Yes
12917,810.72,C,MULTIFAMIL,1.44,0.48,0.48,Yes,Yes
12929,3553.81,Y,LODGING-FW,0.96,12,12,Yes,Yes
12929,3553.81,Y,LODGING-FW,0.96,12,12,Yes,Yes
12929,3553.81,Y,LODGING-FW,0.96,12,12,Yes,Yes
12929,3553.81,Y,LODGING-FW,0.96,12,12,Yes,Yes
12929,3553.81,Y,LODGING-FW,0.96,12,12,Yes,Yes
12929,3553.81,Y,LODGING-FW,0.96,12,12,Yes,Yes
12929,3553.81,Y,LODGING-FW,0.96,12,12,Yes,Yes
12929,3553.81,Y,LODGING-FW,0.96,12,12,Yes,Yes
12929,3553.81,Y,LODGING-FW,0.96,12,12,Yes,Yes
13041,166.73,S,OFFICE BLD,0.8,0.32,0.96,Yes,Yes
13041,166.73,S,OFFICE BLD,0.8,0.32,0.96,Yes,Yes
13041,166.73,S,OFFICE BLD,0.8,0.32,0.96,Yes,Yes
13041,166.73,S,OFFICE BLD,0.8,0.32,0.96,Yes,Yes
13041,166.73,S,OFFICE BLD,0.8,0.32,0.96,Yes,Yes
13066,44.86,COUNTY,OFFICE BLD,0.48,0.16,0.48,Yes,Yes
13066,44.86,COUNTY,OFFICE BLD,0.48,0.16,0.48,Yes,Yes
13066,44.86,COUNTY,OFFICE BLD,0.48,0.16,0.48,Yes,Yes
13130,269.14,COUNTY,MULTIFAMIL,0,0.96,0.96,Yes,No
13130,269.14,COUNTY,MULTIFAMIL,0,0.96,0.96,Yes,No
13130,269.14,COUNTY,MULTIFAMIL,0,0.96,0.96,Yes,No
13130,269.14,COUNTY,MULTIFAMIL,0,0.96,0.96,Yes,No
13143,147.96,S,VINEYARD,0,0.16,0.96,Yes,No
13143,147.96,S,VINEYARD,0,0.16,0.96,Yes,No
13143,147.96,S,VINEYARD,0,0.16,0.96,Yes,No
13144,735.49,S,LODGING,0.96,4,0.48,Yes,Yes
13144,735.49,S,LODGING,0.96,4,0.48,Yes,Yes
13144,735.49,S,LODGING,0.96,4,0.48,Yes,Yes
13144,735.49,S,LODGING,0.96,4,0.48,Yes,Yes
13144,735.49,S,LODGING,0.96,4,0.48,Yes,Yes
13145,3983.89,S,RESTAURANT,0.96,8,24.96,Yes,Yes
13145,3983.89,S,RESTAURANT,0.96,8,24.96,Yes,Yes
13145,3983.89,S,RESTAURANT,0.96,8,24.96,Yes,Yes
13145,3983.89,S,RESTAURANT,0.96,8,24.96,Yes,Yes
13145,3983.89,S,RESTAURANT,0.96,8,24.96,Yes,Yes
13145,3983.89,S,RESTAURANT,0.96,8,24.96,Yes,Yes
13145,3983.89,S,RESTAURANT,0.96,8,24.96,Yes,Yes
13145,3983.89,S,RESTAURANT,0.96,8,24.96,Yes,Yes
13145,3983.89,S,RESTAURANT,0.96,8,24.96,Yes,Yes
13145,3983.89,S,RESTAURANT,0.96,8,24.96,Yes,Yes
13145,3983.89,S,RESTAURANT,0.96,8,24.96,Yes,Yes
13145,3983.89,S,RESTAURANT,0.96,8,24.96,Yes,Yes
13145,3983.89,S,RESTAURANT,0.96,8,24.96,Yes,Yes
13340,134.57,COUNTY,CONTRACTOR,0,0.48,0.48,Yes,No
13340,134.57,COUNTY,CONTRACTOR,0,0.48,0.48,Yes,No
13431,4095.03,COUNTY,WINERY,0.32,12,14,Yes,Yes
13431,4095.03,COUNTY,WINERY,0.32,12,14,Yes,Yes
13431,4095.03,COUNTY,WINERY,0.32,12,14,Yes,Yes
13431,4095.03,COUNTY,WINERY,0.32,12,14,Yes,Yes
13431,4095.03,COUNTY,WINERY,0.32,12,14,Yes,Yes
13431,4095.03,COUNTY,WINERY,0.32,12,14,Yes,Yes
13452,1966.06,COUNTY,PARK,0,6,4,Yes,No
13452,1966.06,COUNTY,PARK,0,6,4,Yes,No
13457,303.72,Y,OFFICE BLD,0.48,0.48,1.44,Yes,Yes
13457,303.72,Y,OFFICE BLD,0.48,0.48,1.44,Yes,Yes
13457,303.72,Y,OFFICE BLD,0.48,0.48,1.44,Yes,Yes
13457,303.72,Y,OFFICE BLD,0.48,0.48,1.44,Yes,Yes
13457,303.72,Y,OFFICE BLD,0.48,0.48,1.44,Yes,Yes
13557,6836.26,Y,RESTAURANT,0,32,16,Yes,No
13557,6836.26,Y,RESTAURANT,0,32,16,Yes,No
13557,6836.26,Y,RESTAURANT,0,32,16,Yes,No
13557,6836.26,Y,RESTAURANT,0,32,16,Yes,No
13557,6836.26,Y,RESTAURANT,0,32,16,Yes,No
13557,6836.26,Y,RESTAURANT,0,32,16,Yes,No
13557,6836.26,Y,RESTAURANT,0,32,16,Yes,No
13557,6836.26,Y,RESTAURANT,0,32,16,Yes,No
13557,6836.26,Y,RESTAURANT,0,32,16,Yes,No
13557,6836.26,Y,RESTAURANT,0,32,16,Yes,No
13557,6836.26,Y,RESTAURANT,0,32,16,Yes,No
13557,6836.26,Y,RESTAURANT,0,32,16,Yes,No
13636,130.5,S,WINERY,0.48,0.64,0.96,Yes,Yes
13636,130.5,S,WINERY,0.48,0.64,0.96,Yes,Yes
13636,130.5,S,WINERY,0.48,0.64,0.96,Yes,Yes
13636,130.5,S,WINERY,0.48,0.64,0.96,Yes,Yes
13636,130.5,S,WINERY,0.48,0.64,0.96,Yes,Yes
13699,97.87,S,RETAIL,0,0.48,0.48,Yes,No
13699,97.87,S,RETAIL,0,0.48,0.48,Yes,No
13711,1252.72,COUNTY,VINEYARD,0,4,0,No,No
13720,101.24,Y,LODGING,0.48,0.48,0.48,Yes,Yes
13720,101.24,Y,LODGING,0.48,0.48,0.48,Yes,Yes
13720,101.24,Y,LODGING,0.48,0.48,0.48,Yes,Yes
13735,965.4,COUNTY,WINERY,0,4,5.4399999999999995,Yes,No
13735,965.4,COUNTY,WINERY,0,4,5.4399999999999995,Yes,No
13735,965.4,COUNTY,WINERY,0,4,5.4399999999999995,Yes,No
13735,965.4,COUNTY,WINERY,0,4,5.4399999999999995,Yes,No
13735,965.4,COUNTY,WINERY,0,4,5.4399999999999995,Yes,No
13760,130.5,S,WINERY,0.96,0.64,0.96,Yes,Yes
13760,130.5,S,WINERY,0.96,0.64,0.96,Yes,Yes
13760,130.5,S,WINERY,0.96,0.64,0.96,Yes,Yes
13760,130.5,S,WINERY,0.96,0.64,0.96,Yes,Yes
13760,130.5,S,WINERY,0.96,0.64,0.96,Yes,Yes
13760,130.5,S,WINERY,0.96,0.64,0.96,Yes,Yes
13843,75,COUNTY,WINERY,0,0,8,Yes,No
13843,75,COUNTY,WINERY,0,0,8,Yes,No
13865,97.87,S,OFFICE BLD,0,0.48,0.48,Yes,No
13865,97.87,S,OFFICE BLD,0,0.48,0.48,Yes,No
13913,727.82,S,SCHOOL,0,4,0.48,Yes,No
13913,727.82,S,SCHOOL,0,4,0.48,Yes,No
13913,727.82,S,SCHOOL,0,4,0.48,Yes,No
13979,708.68,Y,MULTIFAMIL,0,0.48,0.48,Yes,No
13979,708.68,Y,MULTIFAMIL,0,0.48,0.48,Yes,No
14030,44.86,COUNTY,CHURCH,0,0.16,0.48,Yes,No
14030,44.86,COUNTY,CHURCH,0,0.16,0.48,Yes,No
14081,2979.38,COUNTY,WINERY,4,8,4,Yes,Yes
14081,2979.38,COUNTY,WINERY,4,8,4,Yes,Yes
14081,2979.38,COUNTY,WINERY,4,8,4,Yes,Yes
14081,2979.38,COUNTY,WINERY,4,8,4,Yes,Yes
14177,207.86,C,MEDICAL,0,0.48,0.48,Yes,No
14177,207.86,C,MEDICAL,0,0.48,0.48,Yes,No
14193,439.46,C,MULTIFAMIL,0.48,2,1.44,Yes,Yes
14193,439.46,C,MULTIFAMIL,0.48,2,1.44,Yes,Yes
14193,439.46,C,MULTIFAMIL,0.48,2,1.44,Yes,Yes
14193,439.46,C,MULTIFAMIL,0.48,2,1.44,Yes,Yes
14193,439.46,C,MULTIFAMIL,0.48,2,1.44,Yes,Yes
14209,2671.8,COUNTY,WINERY,0.64,12,9.44,Yes,Yes
14209,2671.8,COUNTY,WINERY,0.64,12,9.44,Yes,Yes
14209,2671.8,COUNTY,WINERY,0.64,12,9.44,Yes,Yes
14209,2671.8,COUNTY,WINERY,0.64,12,9.44,Yes,Yes
14209,2671.8,COUNTY,WINERY,0.64,12,9.44,Yes,Yes
14209,2671.8,COUNTY,WINERY,0.64,12,9.44,Yes,Yes
14209,2671.8,COUNTY,WINERY,0.64,12,9.44,Yes,Yes
14209,2671.8,COUNTY,WINERY,0.64,12,9.44,Yes,Yes
14209,2671.8,COUNTY,WINERY,0.64,12,9.44,Yes,Yes
14209,2671.8,COUNTY,WINERY,0.64,12,9.44,Yes,Yes
14225,269.14,COUNTY,WINERY,0,0.48,0.96,Yes,No
14225,269.14,COUNTY,WINERY,0,0.48,0.96,Yes,No
14225,269.14,COUNTY,WINERY,0,0.48,0.96,Yes,No
14325,278.4,Y,POSTOFFICE,0,0.48,1.44,Yes,No
14325,278.4,Y,POSTOFFICE,0,0.48,1.44,Yes,No
14325,278.4,Y,POSTOFFICE,0,0.48,1.44,Yes,No
14325,278.4,Y,POSTOFFICE,0,0.48,1.44,Yes,No
14334,2866.26,S,MULTIFAMIL,0,8,0.48,Yes,No
14334,2866.26,S,MULTIFAMIL,0,8,0.48,Yes,No
14334,2866.26,S,MULTIFAMIL,0,8,0.48,Yes,No
14377,1048.95,S,WINERY,1.4400000000000002,6,12.48,Yes,Yes
14377,1048.95,S,WINERY,1.4400000000000002,6,12.48,Yes,Yes
14377,1048.95,S,WINERY,1.4400000000000002,6,12.48,Yes,Yes
14377,1048.95,S,WINERY,1.4400000000000002,6,12.48,Yes,Yes
14377,1048.95,S,WINERY,1.4400000000000002,6,12.48,Yes,Yes
14377,1048.95,S,WINERY,1.4400000000000002,6,12.48,Yes,Yes
14377,1048.95,S,WINERY,1.4400000000000002,6,12.48,Yes,Yes
14377,1048.95,S,WINERY,1.4400000000000002,6,12.48,Yes,Yes
14379,0,COUNTY,HOSPITAL,0.64,0,0.96,Yes,Yes
14379,0,COUNTY,HOSPITAL,0.64,0,0.96,Yes,Yes
14379,0,COUNTY,HOSPITAL,0.64,0,0.96,Yes,Yes
14379,0,COUNTY,HOSPITAL,0.64,0,0.96,Yes,Yes
14381,134.57,COUNTY,MEDICAL,0,0.48,0.48,Yes,No
14381,134.57,COUNTY,MEDICAL,0,0.48,0.48,Yes,No
14520,34.64,C,WINERY,0,0.16,0.48,Yes,No
14520,34.64,C,WINERY,0,0.16,0.48,Yes,No
14553,103.93,C,CHURCH,0.48,0.48,0.48,Yes,Yes
14553,103.93,C,CHURCH,0.48,0.48,0.48,Yes,Yes
14553,103.93,C,CHURCH,0.48,0.48,0.48,Yes,Yes
14590,2283.3,COUNTY,WINERY,0,6,10.96,Yes,No
14590,2283.3,COUNTY,WINERY,0,6,10.96,Yes,No
14590,2283.3,COUNTY,WINERY,0,6,10.96,Yes,No
14590,2283.3,COUNTY,WINERY,0,6,10.96,Yes,No
14590,2283.3,COUNTY,WINERY,0,6,10.96,Yes,No
14652,1503.97,S,RESTAURANT,0.96,8,12.48,Yes,Yes
14652,1503.97,S,RESTAURANT,0.96,8,12.48,Yes,Yes
14652,1503.97,S,RESTAURANT,0.96,8,12.48,Yes,Yes
14652,1503.97,S,RESTAURANT,0.96,8,12.48,Yes,Yes
14652,1503.97,S,RESTAURANT,0.96,8,12.48,Yes,Yes
14652,1503.97,S,RESTAURANT,0.96,8,12.48,Yes,Yes
14652,1503.97,S,RESTAURANT,0.96,8,12.48,Yes,Yes
14652,1503.97,S,RESTAURANT,0.96,8,12.48,Yes,Yes
14652,1503.97,S,RESTAURANT,0.96,8,12.48,Yes,Yes
14682,44.86,COUNTY,VINEYARD,0.48,0.16,0.48,Yes,Yes
14682,44.86,COUNTY,VINEYARD,0.48,0.16,0.48,Yes,Yes
14682,44.86,COUNTY,VINEYARD,0.48,0.16,0.48,Yes,Yes
14698,179.42,COUNTY,LODGING-FW,0.48,0.32,0.96,Yes,Yes
14698,179.42,COUNTY,LODGING-FW,0.48,0.32,0.96,Yes,Yes
14698,179.42,COUNTY,LODGING-FW,0.48,0.32,0.96,Yes,Yes
14698,179.42,COUNTY,LODGING-FW,0.48,0.32,0.96,Yes,Yes
14772,69.28,C,WINERY,0.48,0.32,0.48,Yes,Yes
14772,69.28,C,WINERY,0.48,0.32,0.48,Yes,Yes
14772,69.28,C,WINERY,0.48,0.32,0.48,Yes,Yes
14793,311.79,C,LODGING,0.48,0.48,0.48,Yes,Yes
14793,311.79,C,LODGING,0.48,0.48,0.48,Yes,Yes
14793,311.79,C,LODGING,0.48,0.48,0.48,Yes,Yes
14849,283.86,C,WINERY,0.48,0.48,0.96,Yes,Yes
14849,283.86,C,WINERY,0.48,0.48,0.96,Yes,Yes
14849,283.86,C,WINERY,0.48,0.48,0.96,Yes,Yes
14849,283.86,C,WINERY,0.48,0.48,0.96,Yes,Yes
14953,890.4,COUNTY,MULTIFAMIL,0.32,4,1.44,Yes,Yes
14953,890.4,COUNTY,MULTIFAMIL,0.32,4,1.44,Yes,Yes
14953,890.4,COUNTY,MULTIFAMIL,0.32,4,1.44,Yes,Yes
14953,890.4,COUNTY,MULTIFAMIL,0.32,4,1.44,Yes,Yes
14953,890.4,COUNTY,MULTIFAMIL,0.32,4,1.44,Yes,Yes
14989,103.93,C,LODGING-FW,0.48,0.48,0.48,Yes,Yes
14989,103.93,C,LODGING-FW,0.48,0.48,0.48,Yes,Yes
14989,103.93,C,LODGING-FW,0.48,0.48,0.48,Yes,Yes
15156,32.62,S,OFFICE BLD,0,0.16,0.48,Yes,No
15156,32.62,S,OFFICE BLD,0,0.16,0.48,Yes,No
15200,3741.12,C,MEMBER,0,0.64,10.080000000000005,Yes,No
15200,3741.12,C,MEMBER,0,0.64,10.080000000000005,Yes,No
15200,3741.12,C,MEMBER,0,0.64,10.080000000000005,Yes,No
15200,3741.12,C,MEMBER,0,0.64,10.080000000000005,Yes,No
15200,3741.12,C,MEMBER,0,0.64,10.080000000000005,Yes,No
15200,3741.12,C,MEMBER,0,0.64,10.080000000000005,Yes,No
15200,3741.12,C,MEMBER,0,0.64,10.080000000000005,Yes,No
15200,3741.12,C,MEMBER,0,0.64,10.080000000000005,Yes,No
15200,3741.12,C,MEMBER,0,0.64,10.080000000000005,Yes,No
15200,3741.12,C,MEMBER,0,0.64,10.080000000000005,Yes,No
15200,3741.12,C,MEMBER,0,0.64,10.080000000000005,Yes,No
15200,3741.12,C,MEMBER,0,0.64,10.080000000000005,Yes,No
15200,3741.12,C,MEMBER,0,0.64,10.080000000000005,Yes,No
15200,3741.12,C,MEMBER,0,0.64,10.080000000000005,Yes,No
15200,3741.12,C,MEMBER,0,0.64,10.080000000000005,Yes,No
15200,3741.12,C,MEMBER,0,0.64,10.080000000000005,Yes,No
15200,3741.12,C,MEMBER,0,0.64,10.080000000000005,Yes,No
15200,3741.12,C,MEMBER,0,0.64,10.080000000000005,Yes,No
15200,3741.12,C,MEMBER,0,0.64,10.080000000000005,Yes,No
15200,3741.12,C,MEMBER,0,0.64,10.080000000000005,Yes,No
15200,3741.12,C,MEMBER,0,0.64,10.080000000000005,Yes,No
15200,3741.12,C,MEMBER,0,0.64,10.080000000000005,Yes,No
15200,3741.12,C,MEMBER,0,0.64,10.080000000000005,Yes,No
15200,3741.12,C,MEMBER,0,0.64,10.080000000000005,Yes,No
15200,3741.12,C,MEMBER,0,0.64,10.080000000000005,Yes,No
15204,89.71,COUNTY,POLICEFIRE,0,0.32,0.48,Yes,No
15204,89.71,COUNTY,POLICEFIRE,0,0.32,0.48,Yes,No
15224,0,C,SCHOOL,0.64,0,0.96,Yes,Yes
15224,0,C,SCHOOL,0.64,0,0.96,Yes,Yes
15224,0,C,SCHOOL,0.64,0,0.96,Yes,Yes
15224,0,C,SCHOOL,0.64,0,0.96,Yes,Yes
15226,179.42,COUNTY,WINERY,0.48,0.64,0.96,Yes,Yes
15226,179.42,COUNTY,WINERY,0.48,0.64,0.96,Yes,Yes
15226,179.42,COUNTY,WINERY,0.48,0.64,0.96,Yes,Yes
15226,179.42,COUNTY,WINERY,0.48,0.64,0.96,Yes,Yes
15226,179.42,COUNTY,WINERY,0.48,0.64,0.96,Yes,Yes
15246,1170.67,COUNTY,WINERY,0,4,4,Yes,No
15246,1170.67,COUNTY,WINERY,0,4,4,Yes,No
15246,1170.67,COUNTY,WINERY,0,4,4,Yes,No
15259,1071.82,S,VINEYARD,0,6.48,1.92,Yes,No
15259,1071.82,S,VINEYARD,0,6.48,1.92,Yes,No
15259,1071.82,S,VINEYARD,0,6.48,1.92,Yes,No
15259,1071.82,S,VINEYARD,0,6.48,1.92,Yes,No
15259,1071.82,S,VINEYARD,0,6.48,1.92,Yes,No
15259,1071.82,S,VINEYARD,0,6.48,1.92,Yes,No
15290,97.87,S,MIXED USE,0.48,0.48,0.48,Yes,Yes
15290,97.87,S,MIXED USE,0.48,0.48,0.48,Yes,Yes
15290,97.87,S,MIXED USE,0.48,0.48,0.48,Yes,Yes
15344,7267.84,COUNTY,WINERY,12,12,20.48,Yes,Yes
15344,7267.84,COUNTY,WINERY,12,12,20.48,Yes,Yes
15344,7267.84,COUNTY,WINERY,12,12,20.48,Yes,Yes
15344,7267.84,COUNTY,WINERY,12,12,20.48,Yes,Yes
15344,7267.84,COUNTY,WINERY,12,12,20.48,Yes,Yes
15344,7267.84,COUNTY,WINERY,12,12,20.48,Yes,Yes
15344,7267.84,COUNTY,WINERY,12,12,20.48,Yes,Yes
15344,7267.84,COUNTY,WINERY,12,12,20.48,Yes,Yes
15344,7267.84,COUNTY,WINERY,12,12,20.48,Yes,Yes
15344,7267.84,COUNTY,WINERY,12,12,20.48,Yes,Yes
15408,631.71,COUNTY,VINEYARD,0.96,2,0.48,Yes,Yes
15408,631.71,COUNTY,VINEYARD,0.96,2,0.48,Yes,Yes
15408,631.71,COUNTY,VINEYARD,0.96,2,0.48,Yes,Yes
15408,631.71,COUNTY,VINEYARD,0.96,2,0.48,Yes,Yes
15431,242.99,COUNTY,VINEYARD,0.48,0,0,No,Yes
15460,303.72,Y,RESTAURANT,0,0.48,0.48,Yes,No
15460,303.72,Y,RESTAURANT,0,0.48,0.48,Yes,No
15481,1373.25,COUNTY,WINERY,0,6,6.96,Yes,No
15481,1373.25,COUNTY,WINERY,0,6,6.96,Yes,No
15481,1373.25,COUNTY,WINERY,0,6,6.96,Yes,No
15481,1373.25,COUNTY,WINERY,0,6,6.96,Yes,No
15511,708.93,S,LODGING,0.48,4,0.48,Yes,Yes
15511,708.93,S,LODGING,0.48,4,0.48,Yes,Yes
15511,708.93,S,LODGING,0.48,4,0.48,Yes,Yes
15548,195.74,S,RESTAURANT,0,0.96,0.96,Yes,No
15548,195.74,S,RESTAURANT,0,0.96,0.96,Yes,No
15548,195.74,S,RESTAURANT,0,0.96,0.96,Yes,No
15548,195.74,S,RESTAURANT,0,0.96,0.96,Yes,No
15640,415.72,C,LODGING,0.48,1.92,1.44,Yes,Yes
15640,415.72,C,LODGING,0.48,1.92,1.44,Yes,Yes
15640,415.72,C,LODGING,0.48,1.92,1.44,Yes,Yes
15640,415.72,C,LODGING,0.48,1.92,1.44,Yes,Yes
15640,415.72,C,LODGING,0.48,1.92,1.44,Yes,Yes
15640,415.72,C,LODGING,0.48,1.92,1.44,Yes,Yes
15640,415.72,C,LODGING,0.48,1.92,1.44,Yes,Yes
15640,415.72,C,LODGING,0.48,1.92,1.44,Yes,Yes
15641,179.44,COUNTY,MULTIFAMIL,0,0.16,0.48,Yes,No
15641,179.44,COUNTY,MULTIFAMIL,0,0.16,0.48,Yes,No
15650,813.98,C,MINI MART,0,4,0,No,No
15672,391.48,S,MULTIFAMIL,0.48,0.48,0.48,Yes,Yes
15672,391.48,S,MULTIFAMIL,0.48,0.48,0.48,Yes,Yes
15672,391.48,S,MULTIFAMIL,0.48,0.48,0.48,Yes,Yes
15673,391.48,S,MULTIFAMIL,0.48,0.48,0.48,Yes,Yes
15673,391.48,S,MULTIFAMIL,0.48,0.48,0.48,Yes,Yes
15673,391.48,S,MULTIFAMIL,0.48,0.48,0.48,Yes,Yes
15678,482.56,COUNTY,UTILITY,0,2,0.48,Yes,No
15678,482.56,COUNTY,UTILITY,0,2,0.48,Yes,No
15833,742.46,C,DELI/CAFE,0.96,2,4.96,Yes,Yes
15833,742.46,C,DELI/CAFE,0.96,2,4.96,Yes,Yes
15833,742.46,C,DELI/CAFE,0.96,2,4.96,Yes,Yes
15833,742.46,C,DELI/CAFE,0.96,2,4.96,Yes,Yes
15833,742.46,C,DELI/CAFE,0.96,2,4.96,Yes,Yes
15833,742.46,C,DELI/CAFE,0.96,2,4.96,Yes,Yes
15833,742.46,C,DELI/CAFE,0.96,2,4.96,Yes,Yes
15850,195.74,S,COMMUNITY,0,0.96,0.96,Yes,No
15850,195.74,S,COMMUNITY,0,0.96,0.96,Yes,No
15850,195.74,S,COMMUNITY,0,0.96,0.96,Yes,No
15850,195.74,S,COMMUNITY,0,0.96,0.96,Yes,No
15882,293.61,S,MULTIFAMIL,0.48,0.96,0.48,Yes,Yes
15882,293.61,S,MULTIFAMIL,0.48,0.96,0.48,Yes,Yes
15882,293.61,S,MULTIFAMIL,0.48,0.96,0.48,Yes,Yes
15882,293.61,S,MULTIFAMIL,0.48,0.96,0.48,Yes,Yes
15940,65.25,S,HOME IMPRO,0,0.32,0.48,Yes,No
15940,65.25,S,HOME IMPRO,0,0.32,0.48,Yes,No
15996,771.01,S,WINERY,0.48,4,4.48,Yes,Yes
15996,771.01,S,WINERY,0.48,4,4.48,Yes,Yes
15996,771.01,S,WINERY,0.48,4,4.48,Yes,Yes
15996,771.01,S,WINERY,0.48,4,4.48,Yes,Yes
16032,97.87,S,AUTO,0,0.48,0.48,Yes,No
16032,97.87,S,AUTO,0,0.48,0.48,Yes,No
16189,1040.4,COUNTY,WINERY,0,4,9.44,Yes,No
16189,1040.4,COUNTY,WINERY,0,4,9.44,Yes,No
16189,1040.4,COUNTY,WINERY,0,4,9.44,Yes,No
16189,1040.4,COUNTY,WINERY,0,4,9.44,Yes,No
16189,1040.4,COUNTY,WINERY,0,4,9.44,Yes,No
16189,1040.4,COUNTY,WINERY,0,4,9.44,Yes,No
16319,331.93,C,WINERY,0,0.48,1.44,Yes,No
16319,331.93,C,WINERY,0,0.48,1.44,Yes,No
16319,331.93,C,WINERY,0,0.48,1.44,Yes,No
16319,331.93,C,WINERY,0,0.48,1.44,Yes,No
16564,89.71,COUNTY,WINERY,0,0.32,0.48,Yes,No
16564,89.71,COUNTY,WINERY,0,0.32,0.48,Yes,No
16565,34.64,C,UTILITY,0.48,0.16,0.48,Yes,Yes
16565,34.64,C,UTILITY,0.48,0.16,0.48,Yes,Yes
16565,34.64,C,UTILITY,0.48,0.16,0.48,Yes,Yes
16605,890.4,COUNTY,WINERY,0,4,0.48,Yes,No
16605,890.4,COUNTY,WINERY,0,4,0.48,Yes,No
16607,171.28,S,WINERY,0,0.48,0.96,Yes,No
16607,171.28,S,WINERY,0,0.48,0.96,Yes,No
16607,171.28,S,WINERY,0,0.48,0.96,Yes,No
16628,207.86,C,RESTAURANT,0.32,0.48,0.96,Yes,Yes
16628,207.86,C,RESTAURANT,0.32,0.48,0.96,Yes,Yes
16628,207.86,C,RESTAURANT,0.32,0.48,0.96,Yes,Yes
16628,207.86,C,RESTAURANT,0.32,0.48,0.96,Yes,Yes
16795,195.74,S,MULTIFAMIL,0.96,0.96,0.48,Yes,Yes
16795,195.74,S,MULTIFAMIL,0.96,0.96,0.48,Yes,Yes
16795,195.74,S,MULTIFAMIL,0.96,0.96,0.48,Yes,Yes
16795,195.74,S,MULTIFAMIL,0.96,0.96,0.48,Yes,Yes
16795,195.74,S,MULTIFAMIL,0.96,0.96,0.48,Yes,Yes
17255,515.46,C,BAR NO FW,0,2,1.92,Yes,No
17255,515.46,C,BAR NO FW,0,2,1.92,Yes,No
17255,515.46,C,BAR NO FW,0,2,1.92,Yes,No
17255,515.46,C,BAR NO FW,0,2,1.92,Yes,No
17255,515.46,C,BAR NO FW,0,2,1.92,Yes,No
17422,439.46,C,BAKERY,0,2,1.44,Yes,No
17422,439.46,C,BAKERY,0,2,1.44,Yes,No
17422,439.46,C,BAKERY,0,2,1.44,Yes,No
17422,439.46,C,BAKERY,0,2,1.44,Yes,No
17965,6969.08,Y,RESTAURANT,0.96,24,12.96,Yes,Yes
17965,6969.08,Y,RESTAURANT,0.96,24,12.96,Yes,Yes
17965,6969.08,Y,RESTAURANT,0.96,24,12.96,Yes,Yes
17965,6969.08,Y,RESTAURANT,0.96,24,12.96,Yes,Yes
17965,6969.08,Y,RESTAURANT,0.96,24,12.96,Yes,Yes
17965,6969.08,Y,RESTAURANT,0.96,24,12.96,Yes,Yes
17965,6969.08,Y,RESTAURANT,0.96,24,12.96,Yes,Yes
17965,6969.08,Y,RESTAURANT,0.96,24,12.96,Yes,Yes
17965,6969.08,Y,RESTAURANT,0.96,24,12.96,Yes,Yes
17965,6969.08,Y,RESTAURANT,0.96,24,12.96,Yes,Yes
17965,6969.08,Y,RESTAURANT,0.96,24,12.96,Yes,Yes
17965,6969.08,Y,RESTAURANT,0.96,24,12.96,Yes,Yes
17965,6969.08,Y,RESTAURANT,0.96,24,12.96,Yes,Yes
17965,6969.08,Y,RESTAURANT,0.96,24,12.96,Yes,Yes
18015,673.21,COUNTY,WINERY,0,2.3200000000000003,1.92,Yes,No
18015,673.21,COUNTY,WINERY,0,2.3200000000000003,1.92,Yes,No
18015,673.21,COUNTY,WINERY,0,2.3200000000000003,1.92,Yes,No
18015,673.21,COUNTY,WINERY,0,2.3200000000000003,1.92,Yes,No
18015,673.21,COUNTY,WINERY,0,2.3200000000000003,1.92,Yes,No
18015,673.21,COUNTY,WINERY,0,2.3200000000000003,1.92,Yes,No
18015,673.21,COUNTY,WINERY,0,2.3200000000000003,1.92,Yes,No
18599,255.93,C,RESTAURANT,0.96,0.48,0.96,Yes,Yes
18599,255.93,C,RESTAURANT,0.96,0.48,0.96,Yes,Yes
18599,255.93,C,RESTAURANT,0.96,0.48,0.96,Yes,Yes
18599,255.93,C,RESTAURANT,0.96,0.48,0.96,Yes,Yes
18599,255.93,C,RESTAURANT,0.96,0.48,0.96,Yes,Yes
18599,255.93,C,RESTAURANT,0.96,0.48,0.96,Yes,Yes
19151,2015.04,C,MULTIFAMIL,0,10,0.48,Yes,No
19151,2015.04,C,MULTIFAMIL,0,10,0.48,Yes,No
19151,2015.04,C,MULTIFAMIL,0,10,0.48,Yes,No
19151,2015.04,C,MULTIFAMIL,0,10,0.48,Yes,No
19151,2015.04,C,MULTIFAMIL,0,10,0.48,Yes,No
19206,311.79,C,RESTAURANT,0,1.44,0.96,Yes,No
19206,311.79,C,RESTAURANT,0,1.44,0.96,Yes,No
19206,311.79,C,RESTAURANT,0,1.44,0.96,Yes,No
19206,311.79,C,RESTAURANT,0,1.44,0.96,Yes,No
19206,311.79,C,RESTAURANT,0,1.44,0.96,Yes,No
20233,1039.3,C,MULTIFAMIL,0.48,4.800000000000001,0.48,Yes,Yes
20233,1039.3,C,MULTIFAMIL,0.48,4.800000000000001,0.48,Yes,Yes
20233,1039.3,C,MULTIFAMIL,0.48,4.800000000000001,0.48,Yes,Yes
20233,1039.3,C,MULTIFAMIL,0.48,4.800000000000001,0.48,Yes,Yes
20233,1039.3,C,MULTIFAMIL,0.48,4.800000000000001,0.48,Yes,Yes
20233,1039.3,C,MULTIFAMIL,0.48,4.800000000000001,0.48,Yes,Yes
20233,1039.3,C,MULTIFAMIL,0.48,4.800000000000001,0.48,Yes,Yes
20233,1039.3,C,MULTIFAMIL,0.48,4.800000000000001,0.48,Yes,Yes
20233,1039.3,C,MULTIFAMIL,0.48,4.800000000000001,0.48,Yes,Yes
20233,1039.3,C,MULTIFAMIL,0.48,4.800000000000001,0.48,Yes,Yes
20233,1039.3,C,MULTIFAMIL,0.48,4.800000000000001,0.48,Yes,Yes
20233,1039.3,C,MULTIFAMIL,0.48,4.800000000000001,0.48,Yes,Yes
21438,34.64,C,RETAIL,0.48,0.16,0.48,Yes,Yes
21438,34.64,C,RETAIL,0.48,0.16,0.48,Yes,Yes
21438,34.64,C,RETAIL,0.48,0.16,0.48,Yes,Yes
21896,283.86,C,RESTAURANT,0.32,0.48,1.44,Yes,Yes
21896,283.86,C,RESTAURANT,0.32,0.48,1.44,Yes,Yes
21896,283.86,C,RESTAURANT,0.32,0.48,1.44,Yes,Yes
21896,283.86,C,RESTAURANT,0.32,0.48,1.44,Yes,Yes
21896,283.86,C,RESTAURANT,0.32,0.48,1.44,Yes,Yes
23489,813.98,C,LODGING,0.48,4,0.48,Yes,Yes
23489,813.98,C,LODGING,0.48,4,0.48,Yes,Yes
23489,813.98,C,LODGING,0.48,4,0.48,Yes,Yes
23821,415.72,C,LODGING-FW,0.48,0.48,1.44,Yes,Yes
23821,415.72,C,LODGING-FW,0.48,0.48,1.44,Yes,Yes
23821,415.72,C,LODGING-FW,0.48,0.48,1.44,Yes,Yes
23821,415.72,C,LODGING-FW,0.48,0.48,1.44,Yes,Yes
23821,415.72,C,LODGING-FW,0.48,0.48,1.44,Yes,Yes
24144,97.87,S,UTILITY,0.48,0.48,0.48,Yes,Yes
24144,97.87,S,UTILITY,0.48,0.48,0.48,Yes,Yes
24144,97.87,S,UTILITY,0.48,0.48,0.48,Yes,Yes
24664,1150.37,COUNTY,WINERY,0,2,4.960000000000001,Yes,No
24664,1150.37,COUNTY,WINERY,0,2,4.960000000000001,Yes,No
24664,1150.37,COUNTY,WINERY,0,2,4.960000000000001,Yes,No
24664,1150.37,COUNTY,WINERY,0,2,4.960000000000001,Yes,No
25255,1627.98,C,MULTIFAMIL,0,8,0.48,Yes,No
25255,1627.98,C,MULTIFAMIL,0,8,0.48,Yes,No
25255,1627.98,C,MULTIFAMIL,0,8,0.48,Yes,No
25255,1627.98,C,MULTIFAMIL,0,8,0.48,Yes,No
25255,1627.98,C,MULTIFAMIL,0,8,0.48,Yes,No
25969,3536.24,Y,RESTAURANT,0,16,0.96,Yes,No
25969,3536.24,Y,RESTAURANT,0,16,0.96,Yes,No
25969,3536.24,Y,RESTAURANT,0,16,0.96,Yes,No
25969,3536.24,Y,RESTAURANT,0,16,0.96,Yes,No
25969,3536.24,Y,RESTAURANT,0,16,0.96,Yes,No
25969,3536.24,Y,RESTAURANT,0,16,0.96,Yes,No
26052,519.65,C,LODGING-FW,0,0.96,0.48,Yes,No
26052,519.65,C,LODGING-FW,0,0.96,0.48,Yes,No
26052,519.65,C,LODGING-FW,0,0.96,0.48,Yes,No
26600,103.93,C,RESTAURANT,0.64,0.48,0.48,Yes,Yes
26600,103.93,C,RESTAURANT,0.64,0.48,0.48,Yes,Yes
26600,103.93,C,RESTAURANT,0.64,0.48,0.48,Yes,Yes
26600,103.93,C,RESTAURANT,0.64,0.48,0.48,Yes,Yes
26948,202.48,Y,POLICEFIRE,0.48,0.48,0.48,Yes,Yes
26948,202.48,Y,POLICEFIRE,0.48,0.48,0.48,Yes,Yes
26948,202.48,Y,POLICEFIRE,0.48,0.48,0.48,Yes,Yes
27143,405.36,C,MULTIFAMIL,0.48,0.48,0.48,Yes,Yes
27143,405.36,C,MULTIFAMIL,0.48,0.48,0.48,Yes,Yes
27143,405.36,C,MULTIFAMIL,0.48,0.48,0.48,Yes,Yes
28630,514.46,C,DELI/CAFE,0,2,6.48,Yes,No
28630,514.46,C,DELI/CAFE,0,2,6.48,Yes,No
28630,514.46,C,DELI/CAFE,0,2,6.48,Yes,No
29563,311.79,C,RESTAURANT,0.64,0.48,0,No,Yes
29563,311.79,C,RESTAURANT,0.64,0.48,0,No,Yes
29563,311.79,C,RESTAURANT,0.64,0.48,0,No,Yes
30883,58.27,COUNTY,RETAIL,0.48,0.16,0.48,Yes,Yes
30883,58.27,COUNTY,RETAIL,0.48,0.16,0.48,Yes,Yes
30883,58.27,COUNTY,RETAIL,0.48,0.16,0.48,Yes,Yes
30927,101.24,Y,WINERY,0.48,0.48,0.48,Yes,Yes
30927,101.24,Y,WINERY,0.48,0.48,0.48,Yes,Yes
30927,101.24,Y,WINERY,0.48,0.48,0.48,Yes,Yes
30930,207.86,C,PRESCHOOL,0,0.96,0.48,Yes,No
30930,207.86,C,PRESCHOOL,0,0.96,0.48,Yes,No
30930,207.86,C,PRESCHOOL,0,0.96,0.48,Yes,No
30931,34.64,C,RETAIL,0,0.16,0.48,Yes,No
30931,34.64,C,RETAIL,0,0.16,0.48,Yes,No
31126,69.28,C,ENTERTAINM,0,0.32,0.48,Yes,No
31126,69.28,C,ENTERTAINM,0,0.32,0.48,Yes,No
31133,34.64,C,BAKERY,0.48,0.16,0.48,Yes,Yes
31133,34.64,C,BAKERY,0.48,0.16,0.48,Yes,Yes
31133,34.64,C,BAKERY,0.48,0.16,0.48,Yes,Yes
31134,102.69,C,MULTIFAMIL,0.96,0.16,0.48,Yes,Yes
31134,102.69,C,MULTIFAMIL,0.96,0.16,0.48,Yes,Yes
31134,102.69,C,MULTIFAMIL,0.96,0.16,0.48,Yes,Yes
31134,102.69,C,MULTIFAMIL,0.96,0.16,0.48,Yes,Yes
31160,1398.87,Y,RESTAURANT,0,4,4,Yes,No
31160,1398.87,Y,RESTAURANT,0,4,4,Yes,No
31230,482.56,COUNTY,CONTRACTOR,0,2,0,No,No
31241,103.93,C,GROCERY,0.32,0.48,0.48,Yes,Yes
31241,103.93,C,GROCERY,0.32,0.48,0.48,Yes,Yes
31241,103.93,C,GROCERY,0.32,0.48,0.48,Yes,Yes
31249,134.57,COUNTY,LODGING,0.48,0.48,0.48,Yes,Yes
31249,134.57,COUNTY,LODGING,0.48,0.48,0.48,Yes,Yes
31249,134.57,COUNTY,LODGING,0.48,0.48,0.48,Yes,Yes
31304,130.48,S,FOURPLEX,0.48,0.16,0.48,Yes,Yes
31304,130.48,S,FOURPLEX,0.48,0.16,0.48,Yes,Yes
31304,130.48,S,FOURPLEX,0.48,0.16,0.48,Yes,Yes
31364,171.28,S,OFFICE BLD,0,0.48,0.96,Yes,No
31364,171.28,S,OFFICE BLD,0,0.48,0.96,Yes,No
31364,171.28,S,OFFICE BLD,0,0.48,0.96,Yes,No
31447,1004.48,Y,COMMUNITY,0,0.48,4,Yes,No
31447,1004.48,Y,COMMUNITY,0,0.48,4,Yes,No
31550,134.57,COUNTY,WINERY,0.48,0.48,0.48,Yes,Yes
31550,134.57,COUNTY,WINERY,0.48,0.48,0.48,Yes,Yes
31550,134.57,COUNTY,WINERY,0.48,0.48,0.48,Yes,Yes
31573,650.33,COUNTY,VINEYARD,4,0.16,0.48,Yes,Yes
31573,650.33,COUNTY,VINEYARD,4,0.16,0.48,Yes,Yes
31573,650.33,COUNTY,VINEYARD,4,0.16,0.48,Yes,Yes
31588,179.93,C,WINERY,0.48,0.48,0.96,Yes,Yes
31588,179.93,C,WINERY,0.48,0.48,0.96,Yes,Yes
31588,179.93,C,WINERY,0.48,0.48,0.96,Yes,Yes
31588,179.93,C,WINERY,0.48,0.48,0.96,Yes,Yes
31591,482.56,COUNTY,LANDSCAPER,0,2,0,No,No
31593,890.4,COUNTY,CONTRACTOR,0,4,0,No,No
31607,202.68,C,MULTIFAMIL,0.48,0.48,0.48,Yes,Yes
31607,202.68,C,MULTIFAMIL,0.48,0.48,0.48,Yes,Yes
31607,202.68,C,MULTIFAMIL,0.48,0.48,0.48,Yes,Yes
31644,335.71,S,MULTIFAMIL,0.96,0.48,0.96,Yes,Yes
31644,335.71,S,MULTIFAMIL,0.96,0.48,0.96,Yes,Yes
31644,335.71,S,MULTIFAMIL,0.96,0.48,0.96,Yes,Yes
31644,335.71,S,MULTIFAMIL,0.96,0.48,0.96,Yes,Yes
31644,335.71,S,MULTIFAMIL,0.96,0.48,0.96,Yes,Yes
31660,134.57,COUNTY,MIXED USE,0.48,0.48,0.48,Yes,Yes
31660,134.57,COUNTY,MIXED USE,0.48,0.48,0.48,Yes,Yes
31660,134.57,COUNTY,MIXED USE,0.48,0.48,0.48,Yes,Yes
31675,134.57,COUNTY,LODGING-FW,0.48,0.48,0.48,Yes,Yes
31675,134.57,COUNTY,LODGING-FW,0.48,0.48,0.48,Yes,Yes
31675,134.57,COUNTY,LODGING-FW,0.48,0.48,0.48,Yes,Yes
31676,1456.25,COUNTY,WINERY,0,2,6,Yes,No
31676,1456.25,COUNTY,WINERY,0,2,6,Yes,No
31679,65.25,S,WINERY,0,0.32,0.48,Yes,No
31679,65.25,S,WINERY,0,0.32,0.48,Yes,No
